CREATE USER samkenga WITH PASSWORD 'hfXmsd7Sk8w3sady623p@-$£' CREATEDB;
CREATE DATABASE timelydb WITH OWNER samkenga;  
ALTER USER postgres WITH PASSWORD 'hfXmsd7Sk8w3sady623p@-$£';


--Create and populate countrys sada
CREATE TABLE IF NOT EXISTS countries(
      id SERIAL NOT NULL,
      iso char(2) NOT NULL,
      name varchar(80) NOT NULL,
      nicename varchar(80) NOT NULL,
      iso3 char(3) DEFAULT NULL,
      numcode smallint DEFAULT NULL,
      phonecode int NOT NULL,
      PRIMARY KEY (id)
);

INSERT INTO countries(id, iso, name, nicename, iso3, numcode, phonecode) VALUES
(1, 'AF', 'AFGHANISTAN', 'Afghanistan', 'AFG', 4, 93),
(2, 'AL', 'ALBANIA', 'Albania', 'ALB', 8, 355),
(3, 'DZ', 'ALGERIA', 'Algeria', 'DZA', 12, 213),
(4, 'AS', 'AMERICAN SAMOA', 'American Samoa', 'ASM', 16, 1684),
(5, 'AD', 'ANDORRA', 'Andorra', 'AND', 20, 376),
(6, 'AO', 'ANGOLA', 'Angola', 'AGO', 24, 244),
(7, 'AI', 'ANGUILLA', 'Anguilla', 'AIA', 660, 1264),
(8, 'AQ', 'ANTARCTICA', 'Antarctica', 0, 0, 0),
(9, 'AG', 'ANTIGUA AND BARBUDA', 'Antigua and Barbuda', 'ATG', 28, 1268),
(10, 'AR', 'ARGENTINA', 'Argentina', 'ARG', 32, 54),
(11, 'AM', 'ARMENIA', 'Armenia', 'ARM', 51, 374),
(12, 'AW', 'ARUBA', 'Aruba', 'ABW', 533, 297),
(13, 'AU', 'AUSTRALIA', 'Australia', 'AUS', 36, 61),
(14, 'AT', 'AUSTRIA', 'Austria', 'AUT', 40, 43),
(15, 'AZ', 'AZERBAIJAN', 'Azerbaijan', 'AZE', 31, 994),
(16, 'BS', 'BAHAMAS', 'Bahamas', 'BHS', 44, 1242),
(17, 'BH', 'BAHRAIN', 'Bahrain', 'BHR', 48, 973),
(18, 'BD', 'BANGLADESH', 'Bangladesh', 'BGD', 50, 880),
(19, 'BB', 'BARBADOS', 'Barbados', 'BRB', 52, 1246),
(20, 'BY', 'BELARUS', 'Belarus', 'BLR', 112, 375),
(21, 'BE', 'BELGIUM', 'Belgium', 'BEL', 56, 32),
(22, 'BZ', 'BELIZE', 'Belize', 'BLZ', 84, 501),
(23, 'BJ', 'BENIN', 'Benin', 'BEN', 204, 229),
(24, 'BM', 'BERMUDA', 'Bermuda', 'BMU', 60, 1441),
(25, 'BT', 'BHUTAN', 'Bhutan', 'BTN', 64, 975),
(26, 'BO', 'BOLIVIA', 'Bolivia', 'BOL', 68, 591),
(27, 'BA', 'BOSNIA AND HERZEGOVINA', 'Bosnia and Herzegovina', 'BIH', 70, 387),
(28, 'BW', 'BOTSWANA', 'Botswana', 'BWA', 72, 267),
(29, 'BV', 'BOUVET ISLAND', 'Bouvet Island', 0, 0, 0),
(30, 'BR', 'BRAZIL', 'Brazil', 'BRA', 76, 55),
(31, 'IO', 'BRITISH INDIAN OCEAN TERRITORY', 'British Indian Ocean Territory', 
0, 0, 246),
(32, 'BN', 'BRUNEI DARUSSALAM', 'Brunei Darussalam', 'BRN', 96, 673),
(33, 'BG', 'BULGARIA', 'Bulgaria', 'BGR', 100, 359),
(34, 'BF', 'BURKINA FASO', 'Burkina Faso', 'BFA', 854, 226),
(35, 'BI', 'BURUNDI', 'Burundi', 'BDI', 108, 257),
(36, 'KH', 'CAMBODIA', 'Cambodia', 'KHM', 116, 855),
(37, 'CM', 'CAMEROON', 'Cameroon', 'CMR', 120, 237),
(38, 'CA', 'CANADA', 'Canada', 'CAN', 124, 1),
(39, 'CV', 'CAPE VERDE', 'Cape Verde', 'CPV', 132, 238),
(40, 'KY', 'CAYMAN ISLANDS', 'Cayman Islands', 'CYM', 136, 1345),
(41, 'CF', 'CENTRAL AFRICAN REPUBLIC', 'Central African Republic', 'CAF', 140, 
236),
(42, 'TD', 'CHAD', 'Chad', 'TCD', 148, 235),
(43, 'CL', 'CHILE', 'Chile', 'CHL', 152, 56),
(44, 'CN', 'CHINA', 'China', 'CHN', 156, 86),
(45, 'CX', 'CHRISTMAS ISLAND', 'Christmas Island', 0, 0, 61),
(46, 'CC', 'COCOS (KEELING) ISLANDS', 'Cocos (Keeling) Islands', 0, 0, 672),
(47, 'CO', 'COLOMBIA', 'Colombia', 'COL', 170, 57),
(48, 'KM', 'COMOROS', 'Comoros', 'COM', 174, 269),
(49, 'CG', 'CONGO', 'Congo', 'COG', 178, 242),
(50, 'CD', 'CONGO, THE DEMOCRATIC REPUBLIC OF THE', 'Congo, the Democratic 
Republic of the', 'COD', 180, 242),
(51, 'CK', 'COOK ISLANDS', 'Cook Islands', 'COK', 184, 682),
(52, 'CR', 'COSTA RICA', 'Costa Rica', 'CRI', 188, 506),
(53, 'CI', 'COTE D''IVOIRE', 'Cote D''Ivoire', 'CIV', 384, 225),
(54, 'HR', 'CROATIA', 'Croatia', 'HRV', 191, 385),
(55, 'CU', 'CUBA', 'Cuba', 'CUB', 192, 53),
(56, 'CY', 'CYPRUS', 'Cyprus', 'CYP', 196, 357),
(57, 'CZ', 'CZECH REPUBLIC', 'Czech Republic', 'CZE', 203, 420),
(58, 'DK', 'DENMARK', 'Denmark', 'DNK', 208, 45),
(59, 'DJ', 'DJIBOUTI', 'Djibouti', 'DJI', 262, 253),
(60, 'DM', 'DOMINICA', 'Dominica', 'DMA', 212, 1767),
(61, 'DO', 'DOMINICAN REPUBLIC', 'Dominican Republic', 'DOM', 214, 1809),
(62, 'EC', 'ECUADOR', 'Ecuador', 'ECU', 218, 593),
(63, 'EG', 'EGYPT', 'Egypt', 'EGY', 818, 20),
(64, 'SV', 'EL SALVADOR', 'El Salvador', 'SLV', 222, 503),
(65, 'GQ', 'EQUATORIAL GUINEA', 'Equatorial Guinea', 'GNQ', 226, 240),
(66, 'ER', 'ERITREA', 'Eritrea', 'ERI', 232, 291),
(67, 'EE', 'ESTONIA', 'Estonia', 'EST', 233, 372),
(68, 'ET', 'ETHIOPIA', 'Ethiopia', 'ETH', 231, 251),
(69, 'FK', 'FALKLAND ISLANDS (MALVINAS)', 'Falkland Islands (Malvinas)', 'FLK', 
238, 500),
(70, 'FO', 'FAROE ISLANDS', 'Faroe Islands', 'FRO', 234, 298),
(71, 'FJ', 'FIJI', 'Fiji', 'FJI', 242, 679),
(72, 'FI', 'FINLAND', 'Finland', 'FIN', 246, 358),
(73, 'FR', 'FRANCE', 'France', 'FRA', 250, 33),
(74, 'GF', 'FRENCH GUIANA', 'French Guiana', 'GUF', 254, 594),
(75, 'PF', 'FRENCH POLYNESIA', 'French Polynesia', 'PYF', 258, 689),
(76, 'TF', 'FRENCH SOUTHERN TERRITORIES', 'French Southern Territories', 0, 0, 
0),
(77, 'GA', 'GABON', 'Gabon', 'GAB', 266, 241),
(78, 'GM', 'GAMBIA', 'Gambia', 'GMB', 270, 220),
(79, 'GE', 'GEORGIA', 'Georgia', 'GEO', 268, 995),
(80, 'DE', 'GERMANY', 'Germany', 'DEU', 276, 49),
(81, 'GH', 'GHANA', 'Ghana', 'GHA', 288, 233),
(82, 'GI', 'GIBRALTAR', 'Gibraltar', 'GIB', 292, 350),
(83, 'GR', 'GREECE', 'Greece', 'GRC', 300, 30),
(84, 'GL', 'GREENLAND', 'Greenland', 'GRL', 304, 299),
(85, 'GD', 'GRENADA', 'Grenada', 'GRD', 308, 1473),
(86, 'GP', 'GUADELOUPE', 'Guadeloupe', 'GLP', 312, 590),
(87, 'GU', 'GUAM', 'Guam', 'GUM', 316, 1671),
(88, 'GT', 'GUATEMALA', 'Guatemala', 'GTM', 320, 502),
(89, 'GN', 'GUINEA', 'Guinea', 'GIN', 324, 224),
(90, 'GW', 'GUINEA-BISSAU', 'Guinea-Bissau', 'GNB', 624, 245),
(91, 'GY', 'GUYANA', 'Guyana', 'GUY', 328, 592),
(92, 'HT', 'HAITI', 'Haiti', 'HTI', 332, 509),
(93, 'HM', 'HEARD ISLAND AND MCDONALD ISLANDS', 'Heard Island and Mcdonald 
Islands', 0, 0, 0),
(94, 'VA', 'HOLY SEE (VATICAN CITY STATE)', 'Holy See (Vatican City State)', 
'VAT', 336, 39),
(95, 'HN', 'HONDURAS', 'Honduras', 'HND', 340, 504),
(96, 'HK', 'HONG KONG', 'Hong Kong', 'HKG', 344, 852),
(97, 'HU', 'HUNGARY', 'Hungary', 'HUN', 348, 36),
(98, 'IS', 'ICELAND', 'Iceland', 'ISL', 352, 354),
(99, 'IN', 'INDIA', 'India', 'IND', 356, 91),
(100, 'ID', 'INDONESIA', 'Indonesia', 'IDN', 360, 62),
(101, 'IR', 'IRAN, ISLAMIC REPUBLIC OF', 'Iran, Islamic Republic of', 'IRN', 
364, 98),
(102, 'IQ', 'IRAQ', 'Iraq', 'IRQ', 368, 964),
(103, 'IE', 'IRELAND', 'Ireland', 'IRL', 372, 353),
(104, 'IL', 'ISRAEL', 'Israel', 'ISR', 376, 972),
(105, 'IT', 'ITALY', 'Italy', 'ITA', 380, 39),
(106, 'JM', 'JAMAICA', 'Jamaica', 'JAM', 388, 1876),
(107, 'JP', 'JAPAN', 'Japan', 'JPN', 392, 81),
(108, 'JO', 'JORDAN', 'Jordan', 'JOR', 400, 962),
(109, 'KZ', 'KAZAKHSTAN', 'Kazakhstan', 'KAZ', 398, 7),
(110, 'KE', 'KENYA', 'Kenya', 'KEN', 404, 254),
(111, 'KI', 'KIRIBATI', 'Kiribati', 'KIR', 296, 686),
(112, 'KP', 'KOREA, DEMOCRATIC PEOPLE''S REPUBLIC OF', 'Korea, Democratic 
People''s Republic of', 'PRK', 408, 850),
(113, 'KR', 'KOREA, REPUBLIC OF', 'Korea, Republic of', 'KOR', 410, 82),
(114, 'KW', 'KUWAIT', 'Kuwait', 'KWT', 414, 965),
(115, 'KG', 'KYRGYZSTAN', 'Kyrgyzstan', 'KGZ', 417, 996),
(116, 'LA', 'LAO PEOPLE''S DEMOCRATIC REPUBLIC', 'Lao People''s Democratic 
Republic', 'LAO', 418, 856),
(117, 'LV', 'LATVIA', 'Latvia', 'LVA', 428, 371),
(118, 'LB', 'LEBANON', 'Lebanon', 'LBN', 422, 961),
(119, 'LS', 'LESOTHO', 'Lesotho', 'LSO', 426, 266),
(120, 'LR', 'LIBERIA', 'Liberia', 'LBR', 430, 231),
(121, 'LY', 'LIBYAN ARAB JAMAHIRIYA', 'Libyan Arab Jamahiriya', 'LBY', 434, 
218),
(122, 'LI', 'LIECHTENSTEIN', 'Liechtenstein', 'LIE', 438, 423),
(123, 'LT', 'LITHUANIA', 'Lithuania', 'LTU', 440, 370),
(124, 'LU', 'LUXEMBOURG', 'Luxembourg', 'LUX', 442, 352),
(125, 'MO', 'MACAO', 'Macao', 'MAC', 446, 853),
(126, 'MK', 'MACEDONIA, THE FORMER YUGOSLAV REPUBLIC OF', 'Macedonia, the Former 
Yugoslav Republic of', 'MKD', 807, 389),
(127, 'MG', 'MADAGASCAR', 'Madagascar', 'MDG', 450, 261),
(128, 'MW', 'MALAWI', 'Malawi', 'MWI', 454, 265),
(129, 'MY', 'MALAYSIA', 'Malaysia', 'MYS', 458, 60),
(130, 'MV', 'MALDIVES', 'Maldives', 'MDV', 462, 960),
(131, 'ML', 'MALI', 'Mali', 'MLI', 466, 223),
(132, 'MT', 'MALTA', 'Malta', 'MLT', 470, 356),
(133, 'MH', 'MARSHALL ISLANDS', 'Marshall Islands', 'MHL', 584, 692),
(134, 'MQ', 'MARTINIQUE', 'Martinique', 'MTQ', 474, 596),
(135, 'MR', 'MAURITANIA', 'Mauritania', 'MRT', 478, 222),
(136, 'MU', 'MAURITIUS', 'Mauritius', 'MUS', 480, 230),
(137, 'YT', 'MAYOTTE', 'Mayotte', 0, 0, 269),
(138, 'MX', 'MEXICO', 'Mexico', 'MEX', 484, 52),
(139, 'FM', 'MICRONESIA, FEDERATED STATES OF', 'Micronesia, Federated States 
of', 'FSM', 583, 691),
(140, 'MD', 'MOLDOVA, REPUBLIC OF', 'Moldova, Republic of', 'MDA', 498, 373),
(141, 'MC', 'MONACO', 'Monaco', 'MCO', 492, 377),
(142, 'MN', 'MONGOLIA', 'Mongolia', 'MNG', 496, 976),
(143, 'MS', 'MONTSERRAT', 'Montserrat', 'MSR', 500, 1664),
(144, 'MA', 'MOROCCO', 'Morocco', 'MAR', 504, 212),
(145, 'MZ', 'MOZAMBIQUE', 'Mozambique', 'MOZ', 508, 258),
(146, 'MM', 'MYANMAR', 'Myanmar', 'MMR', 104, 95),
(147, 'NA', 'NAMIBIA', 'Namibia', 'NAM', 516, 264),
(148, 'NR', 'NAURU', 'Nauru', 'NRU', 520, 674),
(149, 'NP', 'NEPAL', 'Nepal', 'NPL', 524, 977),
(150, 'NL', 'NETHERLANDS', 'Netherlands', 'NLD', 528, 31),
(151, 'AN', 'NETHERLANDS ANTILLES', 'Netherlands Antilles', 'ANT', 530, 599),
(152, 'NC', 'NEW CALEDONIA', 'New Caledonia', 'NCL', 540, 687),
(153, 'NZ', 'NEW ZEALAND', 'New Zealand', 'NZL', 554, 64),
(154, 'NI', 'NICARAGUA', 'Nicaragua', 'NIC', 558, 505),
(155, 'NE', 'NIGER', 'Niger', 'NER', 562, 227),
(156, 'NG', 'NIGERIA', 'Nigeria', 'NGA', 566, 234),
(157, 'NU', 'NIUE', 'Niue', 'NIU', 570, 683),
(158, 'NF', 'NORFOLK ISLAND', 'Norfolk Island', 'NFK', 574, 672),
(159, 'MP', 'NORTHERN MARIANA ISLANDS', 'Northern Mariana Islands', 'MNP', 580, 
1670),
(160, 'NO', 'NORWAY', 'Norway', 'NOR', 578, 47),
(161, 'OM', 'OMAN', 'Oman', 'OMN', 512, 968),
(162, 'PK', 'PAKISTAN', 'Pakistan', 'PAK', 586, 92),
(163, 'PW', 'PALAU', 'Palau', 'PLW', 585, 680),
(164, 'PS', 'PALESTINIAN TERRITORY, OCCUPIED', 'Palestinian Territory, 
Occupied', 0, 0, 970),
(165, 'PA', 'PANAMA', 'Panama', 'PAN', 591, 507),
(166, 'PG', 'PAPUA NEW GUINEA', 'Papua New Guinea', 'PNG', 598, 675),
(167, 'PY', 'PARAGUAY', 'Paraguay', 'PRY', 600, 595),
(168, 'PE', 'PERU', 'Peru', 'PER', 604, 51),
(169, 'PH', 'PHILIPPINES', 'Philippines', 'PHL', 608, 63),
(170, 'PN', 'PITCAIRN', 'Pitcairn', 'PCN', 612, 0),
(171, 'PL', 'POLAND', 'Poland', 'POL', 616, 48),
(172, 'PT', 'PORTUGAL', 'Portugal', 'PRT', 620, 351),
(173, 'PR', 'PUERTO RICO', 'Puerto Rico', 'PRI', 630, 1787),
(174, 'QA', 'QATAR', 'Qatar', 'QAT', 634, 974),
(175, 'RE', 'REUNION', 'Reunion', 'REU', 638, 262),
(176, 'RO', 'ROMANIA', 'Romania', 'ROM', 642, 40),
(177, 'RU', 'RUSSIAN FEDERATION', 'Russian Federation', 'RUS', 643, 70),
(178, 'RW', 'RWANDA', 'Rwanda', 'RWA', 646, 250),
(179, 'SH', 'SAINT HELENA', 'Saint Helena', 'SHN', 654, 290),
(180, 'KN', 'SAINT KITTS AND NEVIS', 'Saint Kitts and Nevis', 'KNA', 659, 1869),
(181, 'LC', 'SAINT LUCIA', 'Saint Lucia', 'LCA', 662, 1758),
(182, 'PM', 'SAINT PIERRE AND MIQUELON', 'Saint Pierre and Miquelon', 'SPM', 
666, 508),
(183, 'VC', 'SAINT VINCENT AND THE GRENADINES', 'Saint Vincent and the 
Grenadines', 'VCT', 670, 1784),
(184, 'WS', 'SAMOA', 'Samoa', 'WSM', 882, 684),
(185, 'SM', 'SAN MARINO', 'San Marino', 'SMR', 674, 378),
(186, 'ST', 'SAO TOME AND PRINCIPE', 'Sao Tome and Principe', 'STP', 678, 239),
(187, 'SA', 'SAUDI ARABIA', 'Saudi Arabia', 'SAU', 682, 966),
(188, 'SN', 'SENEGAL', 'Senegal', 'SEN', 686, 221),
(189, 'CS', 'SERBIA AND MONTENEGRO', 'Serbia and Montenegro', 0, 0, 381),
(190, 'SC', 'SEYCHELLES', 'Seychelles', 'SYC', 690, 248),
(191, 'SL', 'SIERRA LEONE', 'Sierra Leone', 'SLE', 694, 232),
(192, 'SG', 'SINGAPORE', 'Singapore', 'SGP', 702, 65),
(193, 'SK', 'SLOVAKIA', 'Slovakia', 'SVK', 703, 421),
(194, 'SI', 'SLOVENIA', 'Slovenia', 'SVN', 705, 386),
(195, 'SB', 'SOLOMON ISLANDS', 'Solomon Islands', 'SLB', 90, 677),
(196, 'SO', 'SOMALIA', 'Somalia', 'SOM', 706, 252),
(197, 'ZA', 'SOUTH AFRICA', 'South Africa', 'ZAF', 710, 27),
(198, 'GS', 'SOUTH GEORGIA AND THE SOUTH SANDWICH ISLANDS', 'South Georgia and 
the South Sandwich Islands', 0, 0, 0),
(199, 'ES', 'SPAIN', 'Spain', 'ESP', 724, 34),
(200, 'LK', 'SRI LANKA', 'Sri Lanka', 'LKA', 144, 94),
(201, 'SD', 'SUDAN', 'Sudan', 'SDN', 736, 249),
(202, 'SR', 'SURINAME', 'Suriname', 'SUR', 740, 597),
(203, 'SJ', 'SVALBARD AND JAN MAYEN', 'Svalbard and Jan Mayen', 'SJM', 744, 47),
(204, 'SZ', 'SWAZILAND', 'Swaziland', 'SWZ', 748, 268),
(205, 'SE', 'SWEDEN', 'Sweden', 'SWE', 752, 46),
(206, 'CH', 'SWITZERLAND', 'Switzerland', 'CHE', 756, 41),
(207, 'SY', 'SYRIAN ARAB REPUBLIC', 'Syrian Arab Republic', 'SYR', 760, 963),
(208, 'TW', 'TAIWAN, PROVINCE OF CHINA', 'Taiwan, Province of China', 'TWN', 
158, 886),
(209, 'TJ', 'TAJIKISTAN', 'Tajikistan', 'TJK', 762, 992),
(210, 'TZ', 'TANZANIA, UNITED REPUBLIC OF', 'Tanzania, United Republic of', 
'TZA', 834, 255),
(211, 'TH', 'THAILAND', 'Thailand', 'THA', 764, 66),
(212, 'TL', 'TIMOR-LESTE', 'Timor-Leste', 0, 0, 670),
(213, 'TG', 'TOGO', 'Togo', 'TGO', 768, 228),
(214, 'TK', 'TOKELAU', 'Tokelau', 'TKL', 772, 690),
(215, 'TO', 'TONGA', 'Tonga', 'TON', 776, 676),
(216, 'TT', 'TRINIDAD AND TOBAGO', 'Trinidad and Tobago', 'TTO', 780, 1868),
(217, 'TN', 'TUNISIA', 'Tunisia', 'TUN', 788, 216),
(218, 'TR', 'TURKEY', 'Turkey', 'TUR', 792, 90),
(219, 'TM', 'TURKMENISTAN', 'Turkmenistan', 'TKM', 795, 7370),
(220, 'TC', 'TURKS AND CAICOS ISLANDS', 'Turks and Caicos Islands', 'TCA', 796, 
1649),
(221, 'TV', 'TUVALU', 'Tuvalu', 'TUV', 798, 688),
(222, 'UG', 'UGANDA', 'Uganda', 'UGA', 800, 256),
(223, 'UA', 'UKRAINE', 'Ukraine', 'UKR', 804, 380),
(224, 'AE', 'UNITED ARAB EMIRATES', 'United Arab Emirates', 'ARE', 784, 971),
(225, 'GB', 'UNITED KINGDOM', 'United Kingdom', 'GBR', 826, 44),
(226, 'US', 'UNITED STATES', 'United States', 'USA', 840, 1),
(227, 'UM', 'UNITED STATES MINOR OUTLYING ISLANDS', 'United States Minor 
Outlying Islands', 0, 0, 1),
(228, 'UY', 'URUGUAY', 'Uruguay', 'URY', 858, 598),
(229, 'UZ', 'UZBEKISTAN', 'Uzbekistan', 'UZB', 860, 998),
(230, 'VU', 'VANUATU', 'Vanuatu', 'VUT', 548, 678),
(231, 'VE', 'VENEZUELA', 'Venezuela', 'VEN', 862, 58),
(232, 'VN', 'VIET NAM', 'Viet Nam', 'VNM', 704, 84),
(233, 'VG', 'VIRGIN ISLANDS, BRITISH', 'Virgin Islands, British', 'VGB', 92, 
1284),
(234, 'VI', 'VIRGIN ISLANDS, U.S.', 'Virgin Islands, U.s.', 'VIR', 850, 1340),
(235, 'WF', 'WALLIS AND FUTUNA', 'Wallis and Futuna', 'WLF', 876, 681),
(236, 'EH', 'WESTERN SAHARA', 'Western Sahara', 'ESH', 732, 212),
(237, 'YE', 'YEMEN', 'Yemen', 'YEM', 887, 967),
(238, 'ZM', 'ZAMBIA', 'Zambia', 'ZMB', 894, 260),
(239, 'ZW', 'ZIMBABWE', 'Zimbabwe', 'ZWE', 716, 263);


-------populating the DATABASE-------
-------additions
insert into additions values
(1,'An Editor to Proofread my work',2.5),---additional price is per page
(2,'One of top 5 writers to writer my work',4);
----spacing
insert into spacing values
(1,'Double spaced','double-spacing',1),
(2,'Single spaced','single-spacing',2);
---order currence
insert into order_currence values
(1,'US Dollar', 'USD','$',1.0),
(2,'Euro','EUR','€',0.8),
(3,'British pound sterling','GBP','£',0.64),
(4,'Australian dollar','AUD','A$',1.36);

---level of writing 
insert into order_level_of_writing (id,order_level,additional_price,description) 
values 
(1,'Undergraduate',0.0,'Undergraduate writer'),
(2,'Master',1.5,'For master level writers'),
(3,'PhD',3.3,'For PhD level writing');

----cpp mode
insert into order_cpp_mode(id,order_cpp_mode_name,cpp_mode_description)
values
(1,0,'order is paid per page'),
(2,1,'order is given as assignments. So it is paid per assignment'),
(3,2,'order is paid per question for Multiple Choice questions 
(time-bound/non-time bound)');
----deadlines
insert into 
order_deadlines(id,deadline_value,deadline_unit,seconds_elapsing_to_deadline) 
values
(1,10,'days',864000),(2,20,'days',1728000),(3,7,'days',604800),(4,1,'day',86400)
,(5,12,'hours',43200),(6,6,'hours',21600),(7,3,'hours',10800),(8,2,'months',
5184000);

---deadline categories
insert into order_deadline_category 
(id,order_deadline_category_name,order_deadline_category_description) values
(1,'normal','deadline range for most common document types'),
(2,'dissertation','deadline range for long documents ranging from 12 hrs to 2 
month'),
(3,'programming','deadline ranges for programming assignments');


----order_deadlines_order_deadline_c
insert into deadline_deadline_category_association 
(id,order_deadlines_id,order_deadline_category_id,additional_price) values
(1,1,1,0.0),(2,3,1,3.40),(3,4,1,4.00),(4,5,1,6.50),(5,6,1,10.50),(6,7,1,20.00),(
7,1,2,15.00),(8,3,2,7.00),(9,4,2,21.00),(10,5,2,25.00),(11,8,2,0.0),(12,1,3,5.50
),(13,2,3,0.00),(14,4,3,15.00);

----order_subject_category table 
INSERT INTO order_subject_category(id, subject_category_name, additional_price, 
description) VALUES 
(1, 'academic',0.00,'General and academic orders'),
(2, 'technical',8.50,'for technical order');


----order_document_type
insert into 
order_document_type(id,document_type_name,base_price,additions_factor,
order_deadline_category_id,order_cpp_mode_id) values
(1,'Essay/Essay Application',19.50,1,1,1),
(2,'Research Paper',19.50,1.0,1,1),
(6,'Math/Physics/Economics/Statistics Problems',19.70,1.0,1,3),
(7,'Multiple Choice Questions (Non-time-framed)',1.20,0.025,1,3),
(8,'Multiple Choice Questions (time-framed)',1.80,0.025,1,3),
(9,'Dissertation',19.50,1.0,2,1),
(10,'	Dissertation - Proposal',19.50,1.0,2,1),
(11,'	Dissertation Chapter - Abstract',19.50,1.0,2,1),
(12,'	Dissertation Chapter - Introduction Chapter',19.50,1.0,2,1),
(13,'	Dissertation Chapter - Literature Review',19.50,1.0,2,1),
(14,'	Dissertation Chapter - Methodology',19.50,1.0,2,1),
(15,'	Dissertation Chapter - Results',19.50,1.0,2,1),
(16,'	Dissertation Chapter - Discussion',19.50,1.0,2,1),
(17,'	Dissertation - Editing',14.00,1.0,2,1),
(18,'	Dissertation - Proofreading',7.80,0.8,2,1),
(19,'	Dissertation - Formatting',4.00,0.6,2,1), 
(20,'	Thesis/Thesis Proposal',19.50,1.0,2,1),
(21,'Programming',100.50,2,3,2),
(22,'Formatting',2.99,0.05,1,1),
(23,'Research summary',19.50,1,1,1),
(24,'Coursework',19.50,1,1,1),
(25,'Book Report',19.50,1,1,1),
(26,'Book Review',19.50,1,1,1),
(27,'Movie Review',19.50,1,1,1),
(44,'Document editing',14.90,1,1,1),
(28,'Admission Services',19.70,1,1,1),
(29,'	Admission Services - Admission Essay',19.70,1,1,1),
(30,'	Admission Services - Scholarship Essay',19.70,1,1,1),
(31,'	Admission Services - Personal Statement',19.70,1,1,1),
(32,'	Admission Services - Editing',12,0.8,1,1),
(33,'Term Paper',19.50,1.0,1,1),
(34,'Case Study',19.50,1,1,1),
(35,'Lab Report',19.50,1,1,1),
(36,'Speech/Presentation',19.50,1,1,1),
(37,'Article',19.50,1,1,1),
(38,'Article Critique',19.50,1,1,1), 
(39,'Annotated Bibliography',19.50,1,1,1),
(40,'Reaction Paper',19.50,1,1,1),
(41,'PowerPoint Presentation',14.50,0.8,1,1),
(42,'Online assignment',24.00,1,1,1), 
(43,'Company Analysis',19.50,1,1,1);

----order Subject
insert into order_subject(id,subject_name,order_subject_category_id) values
(1,'Art',1),
(2,'	Architecture',1),
(3,'	Dance',1),
(4,'	Design Analysis',1),
(5,'	Drama',1),
(6,'	Movies',1),
(7,'	Music',1),
(8,'	Paintings',1),
(9,'	Theatre',1),
(10,'Biology',1),
(11,'Business',1),
(12,'Chemistry',1),
(13,'Communications and Media',1),
(14,'Advertising',1),
(15,'Communication Strategies',1),
(16,'Journalism',1),
(17,'Public Relations',1),
(18,'Creative writing',1),
(19,'Economics',1),
(20,'Accounting',1),
(21,'International Affairs/Relations',1),
(22,'E-Commerce',1),
(23,'Finance',1),
(24,'Investment',1),
(25,'Logistics',1),
(26,'Trade',1),
(27,'Education',1),
(28,'	Pedagogy',1),
(29,'	Education Theories',1),
(30,'	Teacher''s Career',1), 
(31,'Engineering',2),
(84,'English',1),
(32,'Ethics',1),
(33,'History',1),
(34,'	African-American Studies',1),
(35,'	American History',1),
(36,'	Asian Studies',1),
(37,'	Canadian Studies',1),
(38,'	East European Studies',1),
(39,'	Holocaust',1),
(40,'	Latin-American Studies',1),
(41,'	Native-American Studies',1),
(42,'	West European Studies',1),
(43,'Law',1),
(44,'	Criminology',1),
(45,'	Legal Issues',1),
(46,'Linguistics',1),
(47,'Literature',1),
(48,'	American Literature',1),
(49,'	Antique Literature',1),
(50,'	Asian Literature',1),
(51,'	English Literature',1),
(52,'	Shakespeare Studies',1),
(53,'Management',1),
(54,'Marketing',1),
(55,'Mathematics',1),
(56,'Medicine & Health',1),
(57,'	Alternative Medicine',1),
(58,'	Healthcare',1),
(59,'	Nursing',1),
(60,'	Pharmacology',1),
(61,'	Nutrition',1),
(62,'	Sport',1),
(63,'Nature',1),
(64,'	Agricultural Studies',1),
(65,'	Anthropology',1),
(66,'	Astronomy',1),
(67,'	Environmental Issues',1),
(68,'	Geography',1),
(69,'	Geology',1),
(70,'Philosophy',1),
(71,'Physics',1),
(72,'Political Science',1),
(73,'Psychology',1),
(74,'Religion and Theology',1), 
(75,'Sociology',1),
(76,'Technology',2),
(77,'	Aeronautics',2),
(78,'	Aviation',2),
(79,'	Computer Science',2),
(80,'	Internet',2),
(81,'	IT Management',2),  
(82,'	Web Design',2),
(83,'Tourism',1);

----
insert into order_subject_order_document_typ 
(order_subject_id,order_document_type_id) values
(1,1),(1,2),(1,6),(1,7),(1,8),(1,9),(1,10),(1,11),(1,12),(1,13),(1,14),(1,15),(1
,16),(1,17),(1,18),(1,19),(1,20),(1,22),(1,23),(1,24),(1,25),(1,26),(1,27),(1,28
),(1,29),(1,30),(1,31),(1,32),(1,33),(1,34),(1,35),(1,36),(1,37),(1,38),(1,39),(
1,40),(1,41),(1,42),(1,43),(2,1),(2,2),(2,6),(2,7),(2,8),(2,9),(2,10),(2,11),(2,
12),(2,13),(2,14),(2,15),(2,16),(2,17),(2,18),(2,19),(2,20),(2,22),(2,23),(2,24)
,(2,25),(2,26),(2,27),(2,28),(2,29),(2,30),(2,31),(2,32),(2,33),(2,34),(2,35),(2
,36),(2,37),(2,38),(2,39),(2,40),(2,41),(2,42),(2,43),(3,1),(3,2),(3,6),(3,7),(3
,8),(3,9),(3,10),(3,11),(3,12),(3,13),(3,14),(3,15),(3,16),(3,17),(3,18),(3,19),
(3,20),(3,22),(3,23),(3,24),(3,25),(3,26),(3,27),(3,28),(3,29),(3,30),(3,31),(3,
32),(3,33),(3,34),(3,35),(3,36),(3,37),(3,38),(3,39),(3,40),(3,41),(3,42),(3,43)
,(4,1),(4,2),(4,6),(4,7),(4,8),(4,9),(4,10),(4,11),(4,12),(4,13),(4,14),(4,15),(
4,16),(4,17),(4,18),(4,19),(4,20),(4,22),(4,23),(4,24),(4,25),(4,26),(4,27),(4,
28),(4,29),(4,30),(4,31),(4,32),(4,33),(4,34),(4,35),(4,36),(4,37),(4,38),(4,39)
,(4,40),(4,41),(4,42),(4,43),(5,1),(5,2),(5,6),(5,7),(5,8),(5,9),(5,10),(5,11),(
5,12),(5,13),(5,14),(5,15),(5,16),(5,17),(5,18),(5,19),(5,20),(5,22),(5,23),(5,
24),(5,25),(5,26),(5,27),(5,28),(5,29),(5,30),(5,31),(5,32),(5,33),(5,34),(5,35)
,(5,36),(5,37),(5,38),(5,39),(5,40),(5,41),(5,42),(5,43),(6,1),(6,2),(6,6),(6,7)
,(6,8),(6,9),(6,10),(6,11),(6,12),(6,13),(6,14),(6,15),(6,16),(6,17),(6,18),(6,
19),(6,20),(6,22),(6,23),(6,24),(6,25),(6,26),(6,27),(6,28),(6,29),(6,30),(6,31)
,(6,32),(6,33),(6,34),(6,35),(6,36),(6,37),(6,38),(6,39),(6,40),(6,41),(6,42),(6
,43),(7,1),(7,2),(7,6),(7,7),(7,8),(7,9),(7,10),(7,11),(7,12),(7,13),(7,14),(7,
15),(7,16),(7,17),(7,18),(7,19),(7,20),(7,22),(7,23),(7,24),(7,25),(7,26),(7,27)
,(7,28),(7,29),(7,30),(7,31),(7,32),(7,33),(7,34),(7,35),(7,36),(7,37),(7,38),(7
,39),(7,40),(7,41),(7,42),(7,43),(8,1),(8,2),(8,6),(8,7),(8,8),(8,9),(8,10),(8,
11),(8,12),(8,13),(8,14),(8,15),(8,16),(8,17),(8,18),(8,19),(8,20),(8,22),(8,23)
,(8,24),(8,25),(8,26),(8,27),(8,28),(8,29),(8,30),(8,31),(8,32),(8,33),(8,34),(8
,35),(8,36),(8,37),(8,38),(8,39),(8,40),(8,41),(8,42),(8,43),(9,1),(9,2),(9,6),(
9,7),(9,8),(9,9),(9,10),(9,11),(9,12),(9,13),(9,14),(9,15),(9,16),(9,17),(9,18),
(9,19),(9,20),(9,22),(9,23),(9,24),(9,25),(9,26),(9,27),(9,28),(9,29),(9,30),(9,
31),(9,32),(9,33),(9,34),(9,35),(9,36),(9,37),(9,38),(9,39),(9,40),(9,41),(9,42)
,(9,43),(10,1),(10,2),(10,6),(10,7),(10,8),(10,9),(10,10),(10,11),(10,12),(10,13
),(10,14),(10,15),(10,16),(10,17),(10,18),(10,19),(10,20),(10,22),(10,23),(10,24
),(10,25),(10,26),(10,27),(10,28),(10,29),(10,30),(10,31),(10,32),(10,33),(10,34
),(10,35),(10,36),(10,37),(10,38),(10,39),(10,40),(10,41),(10,42),(10,43),(11,1)
,(11,2),(11,6),(11,7),(11,8),(11,9),(11,10),(11,11),(11,12),(11,13),(11,14),(11,
15),(11,16),(11,17),(11,18),(11,19),(11,20),(11,22),(11,23),(11,24),(11,25),(11,
26),(11,27),(11,28),(11,29),(11,30),(11,31),(11,32),(11,33),(11,34),(11,35),(11,
36),(11,37),(11,38),(11,39),(11,40),(11,41),(11,42),(11,43),(12,1),(12,2),(12,6)
,(12,7),(12,8),(12,9),(12,10),(12,11),(12,12),(12,13),(12,14),(12,15),(12,16),(
12,17),(12,18),(12,19),(12,20),(12,22),(12,23),(12,24),(12,25),(12,26),(12,27),(
12,28),(12,29),(12,30),(12,31),(12,32),(12,33),(12,34),(12,35),(12,36),(12,37),(
12,38),(12,39),(12,40),(12,41),(12,42),(12,43),(13,1),(13,2),(13,6),(13,7),(13,8
),(13,9),(13,10),(13,11),(13,12),(13,13),(13,14),(13,15),(13,16),(13,17),(13,18)
,(13,19),(13,20),(13,22),(13,23),(13,24),(13,25),(13,26),(13,27),(13,28),(13,29)
,(13,30),(13,31),(13,32),(13,33),(13,34),(13,35),(13,36),(13,37),(13,38),(13,39)
,(13,40),(13,41),(13,42),(13,43),(14,1),(14,2),(14,6),(14,7),(14,8),(14,9),(14,
10),(14,11),(14,12),(14,13),(14,14),(14,15),(14,16),(14,17),(14,18),(14,19),(14,
20),(14,22),(14,23),(14,24),(14,25),(14,26),(14,27),(14,28),(14,29),(14,30),(14,
31),(14,32),(14,33),(14,34),(14,35),(14,36),(14,37),(14,38),(14,39),(14,40),(14,
41),(14,42),(14,43),(15,1),(15,2),(15,6),(15,7),(15,8),(15,9),(15,10),(15,11),(
15,12),(15,13),(15,14),(15,15),(15,16),(15,17),(15,18),(15,19),(15,20),(15,22),(
15,23),(15,24),(15,25),(15,26),(15,27),(15,28),(15,29),(15,30),(15,31),(15,32),(
15,33),(15,34),(15,35),(15,36),(15,37),(15,38),(15,39),(15,40),(15,41),(15,42),(
15,43),(16,1),(16,2),(16,6),(16,7),(16,8),(16,9),(16,10),(16,11),(16,12),(16,13)
,(16,14),(16,15),(16,16),(16,17),(16,18),(16,19),(16,20),(16,22),(16,23),(16,24)
,(16,25),(16,26),(16,27),(16,28),(16,29),(16,30),(16,31),(16,32),(16,33),(16,34)
,(16,35),(16,36),(16,37),(16,38),(16,39),(16,40),(16,41),(16,42),(16,43),(17,1),
(17,2),(17,6),(17,7),(17,8),(17,9),(17,10),(17,11),(17,12),(17,13),(17,14),(17,
15),(17,16),(17,17),(17,18),(17,19),(17,20),(17,22),(17,23),(17,24),(17,25),(17,
26),(17,27),(17,28),(17,29),(17,30),(17,31),(17,32),(17,33),(17,34),(17,35),(17,
36),(17,37),(17,38),(17,39),(17,40),(17,41),(17,42),(17,43),(18,1),(18,2),(18,6)
,(18,7),(18,8),(18,9),(18,10),(18,11),(18,12),(18,13),(18,14),(18,15),(18,16),(
18,17),(18,18),(18,19),(18,20),(18,22),(18,23),(18,24),(18,25),(18,26),(18,27),(
18,28),(18,29),(18,30),(18,31),(18,32),(18,33),(18,34),(18,35),(18,36),(18,37),(
18,38),(18,39),(18,40),(18,41),(18,42),(18,43),(19,1),(19,2),(19,6),(19,7),(19,8
),(19,9),(19,10),(19,11),(19,12),(19,13),(19,14),(19,15),(19,16),(19,17),(19,18)
,(19,19),(19,20),(19,22),(19,23),(19,24),(19,25),(19,26),(19,27),(19,28),(19,29)
,(19,30),(19,31),(19,32),(19,33),(19,34),(19,35),(19,36),(19,37),(19,38),(19,39)
,(19,40),(19,41),(19,42),(19,43),(20,1),(20,2),(20,6),(20,7),(20,8),(20,9),(20,
10),(20,11),(20,12),(20,13),(20,14),(20,15),(20,16),(20,17),(20,18),(20,19),(20,
20),(20,22),(20,23),(20,24),(20,25),(20,26),(20,27),(20,28),(20,29),(20,30),(20,
31),(20,32),(20,33),(20,34),(20,35),(20,36),(20,37),(20,38),(20,39),(20,40),(20,
41),(20,42),(20,43),(21,1),(21,2),(21,6),(21,7),(21,8),(21,9),(21,10),(21,11),(
21,12),(21,13),(21,14),(21,15),(21,16),(21,17),(21,18),(21,19),(21,20),(21,22),(
21,23),(21,24),(21,25),(21,26),(21,27),(21,28),(21,29),(21,30),(21,31),(21,32),(
21,33),(21,34),(21,35),(21,36),(21,37),(21,38),(21,39),(21,40),(21,41),(21,42),(
21,43),(22,1),(22,2),(22,6),(22,7),(22,8),(22,9),(22,10),(22,11),(22,12),(22,13)
,(22,14),(22,15),(22,16),(22,17),(22,18),(22,19),(22,20),(22,22),(22,23),(22,24)
,(22,25),(22,26),(22,27),(22,28),(22,29),(22,30),(22,31),(22,32),(22,33),(22,34)
,(22,35),(22,36),(22,37),(22,38),(22,39),(22,40),(22,41),(22,42),(22,43),(23,1),
(23,2),(23,6),(23,7),(23,8),(23,9),(23,10),(23,11),(23,12),(23,13),(23,14),(23,
15),(23,16),(23,17),(23,18),(23,19),(23,20),(23,22),(23,23),(23,24),(23,25),(23,
26),(23,27),(23,28),(23,29),(23,30),(23,31),(23,32),(23,33),(23,34),(23,35),(23,
36),(23,37),(23,38),(23,39),(23,40),(23,41),(23,42),(23,43),(24,1),(24,2),(24,6)
,(24,7),(24,8),(24,9),(24,10),(24,11),(24,12),(24,13),(24,14),(24,15),(24,16),(
24,17),(24,18),(24,19),(24,20),(24,22),(24,23),(24,24),(24,25),(24,26),(24,27),(
24,28),(24,29),(24,30),(24,31),(24,32),(24,33),(24,34),(24,35),(24,36),(24,37),(
24,38),(24,39),(24,40),(24,41),(24,42),(24,43),(25,1),(25,2),(25,6),(25,7),(25,8
),(25,9),(25,10),(25,11),(25,12),(25,13),(25,14),(25,15),(25,16),(25,17),(25,18)
,(25,19),(25,20),(25,22),(25,23),(25,24),(25,25),(25,26),(25,27),(25,28),(25,29)
,(25,30),(25,31),(25,32),(25,33),(25,34),(25,35),(25,36),(25,37),(25,38),(25,39)
,(25,40),(25,41),(25,42),(25,43),(26,1),(26,2),(26,6),(26,7),(26,8),(26,9),(26,
10),(26,11),(26,12),(26,13),(26,14),(26,15),(26,16),(26,17),(26,18),(26,19),(26,
20),(26,22),(26,23),(26,24),(26,25),(26,26),(26,27),(26,28),(26,29),(26,30),(26,
31),(26,32),(26,33),(26,34),(26,35),(26,36),(26,37),(26,38),(26,39),(26,40),(26,
41),(26,42),(26,43),(27,1),(27,2),(27,6),(27,7),(27,8),(27,9),(27,10),(27,11),(
27,12),(27,13),(27,14),(27,15),(27,16),(27,17),(27,18),(27,19),(27,20),(27,22),(
27,23),(27,24),(27,25),(27,26),(27,27),(27,28),(27,29),(27,30),(27,31),(27,32),(
27,33),(27,34),(27,35),(27,36),(27,37),(27,38),(27,39),(27,40),(27,41),(27,42),(
27,43),(28,1),(28,2),(28,6),(28,7),(28,8),(28,9),(28,10),(28,11),(28,12),(28,13)
,(28,14),(28,15),(28,16),(28,17),(28,18),(28,19),(28,20),(28,22),(28,23),(28,24)
,(28,25),(28,26),(28,27),(28,28),(28,29),(28,30),(28,31),(28,32),(28,33),(28,34)
,(28,35),(28,36),(28,37),(28,38),(28,39),(28,40),(28,41),(28,42),(28,43),(29,1),
(29,2),(29,6),(29,7),(29,8),(29,9),(29,10),(29,11),(29,12),(29,13),(29,14),(29,
15),(29,16),(29,17),(29,18),(29,19),(29,20),(29,22),(29,23),(29,24),(29,25),(29,
26),(29,27),(29,28),(29,29),(29,30),(29,31),(29,32),(29,33),(29,34),(29,35),(29,
36),(29,37),(29,38),(29,39),(29,40),(29,41),(29,42),(29,43),(30,1),(30,2),(30,6)
,(30,7),(30,8),(30,9),(30,10),(30,11),(30,12),(30,13),(30,14),(30,15),(30,16),(
30,17),(30,18),(30,19),(30,20),(30,22),(30,23),(30,24),(30,25),(30,26),(30,27),(
30,28),(30,29),(30,30),(30,31),(30,32),(30,33),(30,34),(30,35),(30,36),(30,37),(
30,38),(30,39),(30,40),(30,41),(30,42),(30,43),(31,1),(31,2),(31,6),(31,7),(31,8
),(31,9),(31,10),(31,11),(31,12),(31,13),(31,14),(31,15),(31,16),(31,17),(31,18)
,(31,19),(31,20),(31,22),(31,23),(31,24),(31,25),(31,26),(31,27),(31,28),(31,29)
,(31,30),(31,31),(31,32),(31,33),(31,34),(31,35),(31,36),(31,37),(31,38),(31,39)
,(31,40),(31,41),(31,42),(31,43),(32,1),(32,2),(32,6),(32,7),(32,8),(32,9),(32,
10),(32,11),(32,12),(32,13),(32,14),(32,15),(32,16),(32,17),(32,18),(32,19),(32,
20),(32,22),(32,23),(32,24),(32,25),(32,26),(32,27),(32,28),(32,29),(32,30),(32,
31),(32,32),(32,33),(32,34),(32,35),(32,36),(32,37),(32,38),(32,39),(32,40),(32,
41),(32,42),(32,43),(33,1),(33,2),(33,6),(33,7),(33,8),(33,9),(33,10),(33,11),(
33,12),(33,13),(33,14),(33,15),(33,16),(33,17),(33,18),(33,19),(33,20),(33,22),(
33,23),(33,24),(33,25),(33,26),(33,27),(33,28),(33,29),(33,30),(33,31),(33,32),(
33,33),(33,34),(33,35),(33,36),(33,37),(33,38),(33,39),(33,40),(33,41),(33,42),(
33,43),(34,1),(34,2),(34,6),(34,7),(34,8),(34,9),(34,10),(34,11),(34,12),(34,13)
,(34,14),(34,15),(34,16),(34,17),(34,18),(34,19),(34,20),(34,22),(34,23),(34,24)
,(34,25),(34,26),(34,27),(34,28),(34,29),(34,30),(34,31),(34,32),(34,33),(34,34)
,(34,35),(34,36),(34,37),(34,38),(34,39),(34,40),(34,41),(34,42),(34,43),(35,1),
(35,2),(35,6),(35,7),(35,8),(35,9),(35,10),(35,11),(35,12),(35,13),(35,14),(35,
15),(35,16),(35,17),(35,18),(35,19),(35,20),(35,22),(35,23),(35,24),(35,25),(35,
26),(35,27),(35,28),(35,29),(35,30),(35,31),(35,32),(35,33),(35,34),(35,35),(35,
36),(35,37),(35,38),(35,39),(35,40),(35,41),(35,42),(35,43),(36,1),(36,2),(36,6)
,(36,7),(36,8),(36,9),(36,10),(36,11),(36,12),(36,13),(36,14),(36,15),(36,16),(
36,17),(36,18),(36,19),(36,20),(36,22),(36,23),(36,24),(36,25),(36,26),(36,27),(
36,28),(36,29),(36,30),(36,31),(36,32),(36,33),(36,34),(36,35),(36,36),(36,37),(
36,38),(36,39),(36,40),(36,41),(36,42),(36,43),(37,1),(37,2),(37,6),(37,7),(37,8
),(37,9),(37,10),(37,11),(37,12),(37,13),(37,14),(37,15),(37,16),(37,17),(37,18)
,(37,19),(37,20),(37,22),(37,23),(37,24),(37,25),(37,26),(37,27),(37,28),(37,29)
,(37,30),(37,31),(37,32),(37,33),(37,34),(37,35),(37,36),(37,37),(37,38),(37,39)
,(37,40),(37,41),(37,42),(37,43),(38,1),(38,2),(38,6),(38,7),(38,8),(38,9),(38,
10),(38,11),(38,12),(38,13),(38,14),(38,15),(38,16),(38,17),(38,18),(38,19),(38,
20),(38,22),(38,23),(38,24),(38,25),(38,26),(38,27),(38,28),(38,29),(38,30),(38,
31),(38,32),(38,33),(38,34),(38,35),(38,36),(38,37),(38,38),(38,39),(38,40),(38,
41),(38,42),(38,43),(39,1),(39,2),(39,6),(39,7),(39,8),(39,9),(39,10),(39,11),(
39,12),(39,13),(39,14),(39,15),(39,16),(39,17),(39,18),(39,19),(39,20),(39,22),(
39,23),(39,24),(39,25),(39,26),(39,27),(39,28),(39,29),(39,30),(39,31),(39,32),(
39,33),(39,34),(39,35),(39,36),(39,37),(39,38),(39,39),(39,40),(39,41),(39,42),(
39,43),(40,1),(40,2),(40,6),(40,7),(40,8),(40,9),(40,10),(40,11),(40,12),(40,13)
,(40,14),(40,15),(40,16),(40,17),(40,18),(40,19),(40,20),(40,22),(40,23),(40,24)
,(40,25),(40,26),(40,27),(40,28),(40,29),(40,30),(40,31),(40,32),(40,33),(40,34)
,(40,35),(40,36),(40,37),(40,38),(40,39),(40,40),(40,41),(40,42),(40,43),(41,1),
(41,2),(41,6),(41,7),(41,8),(41,9),(41,10),(41,11),(41,12),(41,13),(41,14),(41,
15),(41,16),(41,17),(41,18),(41,19),(41,20),(41,22),(41,23),(41,24),(41,25),(41,
26),(41,27),(41,28),(41,29),(41,30),(41,31),(41,32),(41,33),(41,34),(41,35),(41,
36),(41,37),(41,38),(41,39),(41,40),(41,41),(41,42),(41,43),(42,1),(42,2),(42,6)
,(42,7),(42,8),(42,9),(42,10),(42,11),(42,12),(42,13),(42,14),(42,15),(42,16),(
42,17),(42,18),(42,19),(42,20),(42,22),(42,23),(42,24),(42,25),(42,26),(42,27),(
42,28),(42,29),(42,30),(42,31),(42,32),(42,33),(42,34),(42,35),(42,36),(42,37),(
42,38),(42,39),(42,40),(42,41),(42,42),(42,43),(43,1),(43,2),(43,6),(43,7),(43,8
),(43,9),(43,10),(43,11),(43,12),(43,13),(43,14),(43,15),(43,16),(43,17),(43,18)
,(43,19),(43,20),(43,22),(43,23),(43,24),(43,25),(43,26),(43,27),(43,28),(43,29)
,(43,30),(43,31),(43,32),(43,33),(43,34),(43,35),(43,36),(43,37),(43,38),(43,39)
,(43,40),(43,41),(43,42),(43,43),(44,1),(44,2),(44,6),(44,7),(44,8),(44,9),(44,
10),(44,11),(44,12),(44,13),(44,14),(44,15),(44,16),(44,17),(44,18),(44,19),(44,
20),(44,22),(44,23),(44,24),(44,25),(44,26),(44,27),(44,28),(44,29),(44,30),(44,
31),(44,32),(44,33),(44,34),(44,35),(44,36),(44,37),(44,38),(44,39),(44,40),(44,
41),(44,42),(44,43),(45,1),(45,2),(45,6),(45,7),(45,8),(45,9),(45,10),(45,11),(
45,12),(45,13),(45,14),(45,15),(45,16),(45,17),(45,18),(45,19),(45,20),(45,22),(
45,23),(45,24),(45,25),(45,26),(45,27),(45,28),(45,29),(45,30),(45,31),(45,32),(
45,33),(45,34),(45,35),(45,36),(45,37),(45,38),(45,39),(45,40),(45,41),(45,42),(
45,43),(46,1),(46,2),(46,6),(46,7),(46,8),(46,9),(46,10),(46,11),(46,12),(46,13)
,(46,14),(46,15),(46,16),(46,17),(46,18),(46,19),(46,20),(46,22),(46,23),(46,24)
,(46,25),(46,26),(46,27),(46,28),(46,29),(46,30),(46,31),(46,32),(46,33),(46,34)
,(46,35),(46,36),(46,37),(46,38),(46,39),(46,40),(46,41),(46,42),(46,43),(47,1),
(47,2),(47,6),(47,7),(47,8),(47,9),(47,10),(47,11),(47,12),(47,13),(47,14),(47,
15),(47,16),(47,17),(47,18),(47,19),(47,20),(47,22),(47,23),(47,24),(47,25),(47,
26),(47,27),(47,28),(47,29),(47,30),(47,31),(47,32),(47,33),(47,34),(47,35),(47,
36),(47,37),(47,38),(47,39),(47,40),(47,41),(47,42),(47,43),(48,1),(48,2),(48,6)
,(48,7),(48,8),(48,9),(48,10),(48,11),(48,12),(48,13),(48,14),(48,15),(48,16),(
48,17),(48,18),(48,19),(48,20),(48,22),(48,23),(48,24),(48,25),(48,26),(48,27),(
48,28),(48,29),(48,30),(48,31),(48,32),(48,33),(48,34),(48,35),(48,36),(48,37),(
48,38),(48,39),(48,40),(48,41),(48,42),(48,43),(49,1),(49,2),(49,6),(49,7),(49,8
),(49,9),(49,10),(49,11),(49,12),(49,13),(49,14),(49,15),(49,16),(49,17),(49,18)
,(49,19),(49,20),(49,22),(49,23),(49,24),(49,25),(49,26),(49,27),(49,28),(49,29)
,(49,30),(49,31),(49,32),(49,33),(49,34),(49,35),(49,36),(49,37),(49,38),(49,39)
,(49,40),(49,41),(49,42),(49,43),(50,1),(50,2),(50,6),(50,7),(50,8),(50,9),(50,
10),(50,11),(50,12),(50,13),(50,14),(50,15),(50,16),(50,17),(50,18),(50,19),(50,
20),(50,22),(50,23),(50,24),(50,25),(50,26),(50,27),(50,28),(50,29),(50,30),(50,
31),(50,32),(50,33),(50,34),(50,35),(50,36),(50,37),(50,38),(50,39),(50,40),(50,
41),(50,42),(50,43),(51,1),(51,2),(51,6),(51,7),(51,8),(51,9),(51,10),(51,11),(
51,12),(51,13),(51,14),(51,15),(51,16),(51,17),(51,18),(51,19),(51,20),(51,22),(
51,23),(51,24),(51,25),(51,26),(51,27),(51,28),(51,29),(51,30),(51,31),(51,32),(
51,33),(51,34),(51,35),(51,36),(51,37),(51,38),(51,39),(51,40),(51,41),(51,42),(
51,43),(52,1),(52,2),(52,6),(52,7),(52,8),(52,9),(52,10),(52,11),(52,12),(52,13)
,(52,14),(52,15),(52,16),(52,17),(52,18),(52,19),(52,20),(52,22),(52,23),(52,24)
,(52,25),(52,26),(52,27),(52,28),(52,29),(52,30),(52,31),(52,32),(52,33),(52,34)
,(52,35),(52,36),(52,37),(52,38),(52,39),(52,40),(52,41),(52,42),(52,43),(53,1),
(53,2),(53,6),(53,7),(53,8),(53,9),(53,10),(53,11),(53,12),(53,13),(53,14),(53,
15),(53,16),(53,17),(53,18),(53,19),(53,20),(53,22),(53,23),(53,24),(53,25),(53,
26),(53,27),(53,28),(53,29),(53,30),(53,31),(53,32),(53,33),(53,34),(53,35),(53,
36),(53,37),(53,38),(53,39),(53,40),(53,41),(53,42),(53,43),(54,1),(54,2),(54,6)
,(54,7),(54,8),(54,9),(54,10),(54,11),(54,12),(54,13),(54,14),(54,15),(54,16),(
54,17),(54,18),(54,19),(54,20),(54,22),(54,23),(54,24),(54,25),(54,26),(54,27),(
54,28),(54,29),(54,30),(54,31),(54,32),(54,33),(54,34),(54,35),(54,36),(54,37),(
54,38),(54,39),(54,40),(54,41),(54,42),(54,43),(55,1),(55,2),(55,6),(55,7),(55,8
),(55,9),(55,10),(55,11),(55,12),(55,13),(55,14),(55,15),(55,16),(55,17),(55,18)
,(55,19),(55,20),(55,22),(55,23),(55,24),(55,25),(55,26),(55,27),(55,28),(55,29)
,(55,30),(55,31),(55,32),(55,33),(55,34),(55,35),(55,36),(55,37),(55,38),(55,39)
,(55,40),(55,41),(55,42),(55,43),(56,1),(56,2),(56,6),(56,7),(56,8),(56,9),(56,
10),(56,11),(56,12),(56,13),(56,14),(56,15),(56,16),(56,17),(56,18),(56,19),(56,
20),(56,22),(56,23),(56,24),(56,25),(56,26),(56,27),(56,28),(56,29),(56,30),(56,
31),(56,32),(56,33),(56,34),(56,35),(56,36),(56,37),(56,38),(56,39),(56,40),(56,
41),(56,42),(56,43),(57,1),(57,2),(57,6),(57,7),(57,8),(57,9),(57,10),(57,11),(
57,12),(57,13),(57,14),(57,15),(57,16),(57,17),(57,18),(57,19),(57,20),(57,22),(
57,23),(57,24),(57,25),(57,26),(57,27),(57,28),(57,29),(57,30),(57,31),(57,32),(
57,33),(57,34),(57,35),(57,36),(57,37),(57,38),(57,39),(57,40),(57,41),(57,42),(
57,43),(58,1),(58,2),(58,6),(58,7),(58,8),(58,9),(58,10),(58,11),(58,12),(58,13)
,(58,14),(58,15),(58,16),(58,17),(58,18),(58,19),(58,20),(58,22),(58,23),(58,24)
,(58,25),(58,26),(58,27),(58,28),(58,29),(58,30),(58,31),(58,32),(58,33),(58,34)
,(58,35),(58,36),(58,37),(58,38),(58,39),(58,40),(58,41),(58,42),(58,43),(59,1),
(59,2),(59,6),(59,7),(59,8),(59,9),(59,10),(59,11),(59,12),(59,13),(59,14),(59,
15),(59,16),(59,17),(59,18),(59,19),(59,20),(59,22),(59,23),(59,24),(59,25),(59,
26),(59,27),(59,28),(59,29),(59,30),(59,31),(59,32),(59,33),(59,34),(59,35),(59,
36),(59,37),(59,38),(59,39),(59,40),(59,41),(59,42),(59,43),(60,1),(60,2),(60,6)
,(60,7),(60,8),(60,9),(60,10),(60,11),(60,12),(60,13),(60,14),(60,15),(60,16),(
60,17),(60,18),(60,19),(60,20),(60,22),(60,23),(60,24),(60,25),(60,26),(60,27),(
60,28),(60,29),(60,30),(60,31),(60,32),(60,33),(60,34),(60,35),(60,36),(60,37),(
60,38),(60,39),(60,40),(60,41),(60,42),(60,43),(61,1),(61,2),(61,6),(61,7),(61,8
),(61,9),(61,10),(61,11),(61,12),(61,13),(61,14),(61,15),(61,16),(61,17),(61,18)
,(61,19),(61,20),(61,22),(61,23),(61,24),(61,25),(61,26),(61,27),(61,28),(61,29)
,(61,30),(61,31),(61,32),(61,33),(61,34),(61,35),(61,36),(61,37),(61,38),(61,39)
,(61,40),(61,41),(61,42),(61,43),(62,1),(62,2),(62,6),(62,7),(62,8),(62,9),(62,
10),(62,11),(62,12),(62,13),(62,14),(62,15),(62,16),(62,17),(62,18),(62,19),(62,
20),(62,22),(62,23),(62,24),(62,25),(62,26),(62,27),(62,28),(62,29),(62,30),(62,
31),(62,32),(62,33),(62,34),(62,35),(62,36),(62,37),(62,38),(62,39),(62,40),(62,
41),(62,42),(62,43),(63,1),(63,2),(63,6),(63,7),(63,8),(63,9),(63,10),(63,11),(
63,12),(63,13),(63,14),(63,15),(63,16),(63,17),(63,18),(63,19),(63,20),(63,22),(
63,23),(63,24),(63,25),(63,26),(63,27),(63,28),(63,29),(63,30),(63,31),(63,32),(
63,33),(63,34),(63,35),(63,36),(63,37),(63,38),(63,39),(63,40),(63,41),(63,42),(
63,43),(64,1),(64,2),(64,6),(64,7),(64,8),(64,9),(64,10),(64,11),(64,12),(64,13)
,(64,14),(64,15),(64,16),(64,17),(64,18),(64,19),(64,20),(64,22),(64,23),(64,24)
,(64,25),(64,26),(64,27),(64,28),(64,29),(64,30),(64,31),(64,32),(64,33),(64,34)
,(64,35),(64,36),(64,37),(64,38),(64,39),(64,40),(64,41),(64,42),(64,43),(65,1),
(65,2),(65,6),(65,7),(65,8),(65,9),(65,10),(65,11),(65,12),(65,13),(65,14),(65,
15),(65,16),(65,17),(65,18),(65,19),(65,20),(65,22),(65,23),(65,24),(65,25),(65,
26),(65,27),(65,28),(65,29),(65,30),(65,31),(65,32),(65,33),(65,34),(65,35),(65,
36),(65,37),(65,38),(65,39),(65,40),(65,41),(65,42),(65,43),(66,1),(66,2),(66,6)
,(66,7),(66,8),(66,9),(66,10),(66,11),(66,12),(66,13),(66,14),(66,15),(66,16),(
66,17),(66,18),(66,19),(66,20),(66,22),(66,23),(66,24),(66,25),(66,26),(66,27),(
66,28),(66,29),(66,30),(66,31),(66,32),(66,33),(66,34),(66,35),(66,36),(66,37),(
66,38),(66,39),(66,40),(66,41),(66,42),(66,43),(67,1),(67,2),(67,6),(67,7),(67,8
),(67,9),(67,10),(67,11),(67,12),(67,13),(67,14),(67,15),(67,16),(67,17),(67,18)
,(67,19),(67,20),(67,22),(67,23),(67,24),(67,25),(67,26),(67,27),(67,28),(67,29)
,(67,30),(67,31),(67,32),(67,33),(67,34),(67,35),(67,36),(67,37),(67,38),(67,39)
,(67,40),(67,41),(67,42),(67,43),(68,1),(68,2),(68,6),(68,7),(68,8),(68,9),(68,
10),(68,11),(68,12),(68,13),(68,14),(68,15),(68,16),(68,17),(68,18),(68,19),(68,
20),(68,22),(68,23),(68,24),(68,25),(68,26),(68,27),(68,28),(68,29),(68,30),(68,
31),(68,32),(68,33),(68,34),(68,35),(68,36),(68,37),(68,38),(68,39),(68,40),(68,
41),(68,42),(68,43),(69,1),(69,2),(69,6),(69,7),(69,8),(69,9),(69,10),(69,11),(
69,12),(69,13),(69,14),(69,15),(69,16),(69,17),(69,18),(69,19),(69,20),(69,22),(
69,23),(69,24),(69,25),(69,26),(69,27),(69,28),(69,29),(69,30),(69,31),(69,32),(
69,33),(69,34),(69,35),(69,36),(69,37),(69,38),(69,39),(69,40),(69,41),(69,42),(
69,43),(70,1),(70,2),(70,6),(70,7),(70,8),(70,9),(70,10),(70,11),(70,12),(70,13)
,(70,14),(70,15),(70,16),(70,17),(70,18),(70,19),(70,20),(70,22),(70,23),(70,24)
,(70,25),(70,26),(70,27),(70,28),(70,29),(70,30),(70,31),(70,32),(70,33),(70,34)
,(70,35),(70,36),(70,37),(70,38),(70,39),(70,40),(70,41),(70,42),(70,43),(71,1),
(71,2),(71,6),(71,7),(71,8),(71,9),(71,10),(71,11),(71,12),(71,13),(71,14),(71,
15),(71,16),(71,17),(71,18),(71,19),(71,20),(71,22),(71,23),(71,24),(71,25),(71,
26),(71,27),(71,28),(71,29),(71,30),(71,31),(71,32),(71,33),(71,34),(71,35),(71,
36),(71,37),(71,38),(71,39),(71,40),(71,41),(71,42),(71,43),(72,1),(72,2),(72,6)
,(72,7),(72,8),(72,9),(72,10),(72,11),(72,12),(72,13),(72,14),(72,15),(72,16),(
72,17),(72,18),(72,19),(72,20),(72,22),(72,23),(72,24),(72,25),(72,26),(72,27),(
72,28),(72,29),(72,30),(72,31),(72,32),(72,33),(72,34),(72,35),(72,36),(72,37),(
72,38),(72,39),(72,40),(72,41),(72,42),(72,43),(73,1),(73,2),(73,6),(73,7),(73,8
),(73,9),(73,10),(73,11),(73,12),(73,13),(73,14),(73,15),(73,16),(73,17),(73,18)
,(73,19),(73,20),(73,22),(73,23),(73,24),(73,25),(73,26),(73,27),(73,28),(73,29)
,(73,30),(73,31),(73,32),(73,33),(73,34),(73,35),(73,36),(73,37),(73,38),(73,39)
,(73,40),(73,41),(73,42),(73,43),(74,1),(74,2),(74,6),(74,7),(74,8),(74,9),(74,
10),(74,11),(74,12),(74,13),(74,14),(74,15),(74,16),(74,17),(74,18),(74,19),(74,
20),(74,22),(74,23),(74,24),(74,25),(74,26),(74,27),(74,28),(74,29),(74,30),(74,
31),(74,32),(74,33),(74,34),(74,35),(74,36),(74,37),(74,38),(74,39),(74,40),(74,
41),(74,42),(74,43),(75,1),(75,2),(75,6),(75,7),(75,8),(75,9),(75,10),(75,11),(
75,12),(75,13),(75,14),(75,15),(75,16),(75,17),(75,18),(75,19),(75,20),(75,22),(
75,23),(75,24),(75,25),(75,26),(75,27),(75,28),(75,29),(75,30),(75,31),(75,32),(
75,33),(75,34),(75,35),(75,36),(75,37),(75,38),(75,39),(75,40),(75,41),(75,42),(
75,43),(76,1),(76,2),(76,6),(76,7),(76,8),(76,9),(76,10),(76,11),(76,12),(76,13)
,(76,14),(76,15),(76,16),(76,17),(76,18),(76,19),(76,20),(76,22),(76,23),(76,24)
,(76,25),(76,26),(76,27),(76,28),(76,29),(76,30),(76,31),(76,32),(76,33),(76,34)
,(76,35),(76,36),(76,37),(76,38),(76,39),(76,40),(76,41),(76,42),(76,43),(77,1),
(77,2),(77,6),(77,7),(77,8),(77,9),(77,10),(77,11),(77,12),(77,13),(77,14),(77,
15),(77,16),(77,17),(77,18),(77,19),(77,20),(77,22),(77,23),(77,24),(77,25),(77,
26),(77,27),(77,28),(77,29),(77,30),(77,31),(77,32),(77,33),(77,34),(77,35),(77,
36),(77,37),(77,38),(77,39),(77,40),(77,41),(77,42),(77,43),(78,1),(78,2),(78,6)
,(78,7),(78,8),(78,9),(78,10),(78,11),(78,12),(78,13),(78,14),(78,15),(78,16),(
78,17),(78,18),(78,19),(78,20),(78,22),(78,23),(78,24),(78,25),(78,26),(78,27),(
78,28),(78,29),(78,30),(78,31),(78,32),(78,33),(78,34),(78,35),(78,36),(78,37),(
78,38),(78,39),(78,40),(78,41),(78,42),(78,43),(79,1),(79,2),(79,6),(79,7),(79,8
),(79,9),(79,10),(79,11),(79,12),(79,13),(79,14),(79,15),(79,16),(79,17),(79,18)
,(79,19),(79,20),(79,22),(79,23),(79,24),(79,25),(79,26),(79,27),(79,28),(79,29)
,(79,30),(79,31),(79,32),(79,33),(79,34),(79,35),(79,36),(79,37),(79,38),(79,39)
,(79,40),(79,41),(79,42),(79,43),(80,1),(80,2),(80,6),(80,7),(80,8),(80,9),(80,
10),(80,11),(80,12),(80,13),(80,14),(80,15),(80,16),(80,17),(80,18),(80,19),(80,
20),(80,22),(80,23),(80,24),(80,25),(80,26),(80,27),(80,28),(80,29),(80,30),(80,
31),(80,32),(80,33),(80,34),(80,35),(80,36),(80,37),(80,38),(80,39),(80,40),(80,
41),(80,42),(80,43),(81,1),(81,2),(81,6),(81,7),(81,8),(81,9),(81,10),(81,11),(
81,12),(81,13),(81,14),(81,15),(81,16),(81,17),(81,18),(81,19),(81,20),(81,22),(
81,23),(81,24),(81,25),(81,26),(81,27),(81,28),(81,29),(81,30),(81,31),(81,32),(
81,33),(81,34),(81,35),(81,36),(81,37),(81,38),(81,39),(81,40),(81,41),(81,42),(
81,43),(82,1),(82,2),(82,6),(82,7),(82,8),(82,9),(82,10),(82,11),(82,12),(82,13)
,(82,14),(82,15),(82,16),(82,17),(82,18),(82,19),(82,20),(82,22),(82,23),(82,24)
,(82,25),(82,26),(82,27),(82,28),(82,29),(82,30),(82,31),(82,32),(82,33),(82,34)
,(82,35),(82,36),(82,37),(82,38),(82,39),(82,40),(82,41),(82,42),(82,43),(83,1),
(83,2),(83,6),(83,7),(83,8),(83,9),(83,10),(83,11),(83,12),(83,13),(83,14),(83,
15),(83,16),(83,17),(83,18),(83,19),(83,20),(83,22),(83,23),(83,24),(83,25),(83,
26),(83,27),(83,28),(83,29),(83,30),(83,31),(83,32),(83,33),(83,34),(83,35),(83,
36),(83,37),(83,38),(83,39),(83,40),(83,41),(83,42),(83,43),(84,1),(84,2),(84,6)
,(84,7),(84,8),(84,9),(84,10),(84,11),(84,12),(84,13),(84,14),(84,15),(84,16),(
84,17),(84,18),(84,19),(84,20),(84,22),(84,23),(84,24),(84,25),(84,26),(84,27),(
84,28),(84,29),(84,30),(84,31),(84,32),(84,33),(84,34),(84,35),(84,36),(84,37),(
84,38),(84,39),(84,40),(84,41),(84,42),(84,43);

insert into fine_type(id,fine_name,fine_percentage,fine_description) values
(1,'Plagiarism',100,''), 
(2,'Low quality product',50,''),
(3,'Late order reassignment',20,''),
(4,'Late order submission',10,''),
(5,'Late revision submission',10,''),
(6,'Dissapperance from project',5,'The order is manually reassigned and then a 
fine 5% of order total applied');


----Additinal qurries 
insert into order_product_files (id,owner,file_size,file_name,file_sent_to,storage_path,content_type,upload_date,download_date,product_file_type,has_been_downloaded,plagiarism,orders_order_id) values
(1,1,76456123,'play for java book.pdf',0,'/home/derdus/orderfiles/multipartBody230397776683012302asTemporaryFile','application/pdf','2014-12-28 21:27:32.483','2014-12-28 22:31:41.247',1,true,0,1);



ALTER TABLE orders add column approved boolean DEFAULT false;
ALTER TABLE orders add column invoice_id varchar(32);

--change return URL to domain
--change order_number from "1" to real