CREATE USER samkenga WITH PASSWORD 'hfXmsd7Sk8w3sady623p@-$£' CREATEDB;
CREATE DATABASE timelydb WITH OWNER samkenga;  
ALTER USER postgres WITH PASSWORD 'hfXmsd7Sk8w3sady623p@-$£';


--Create and populate countrys sada
CREATE TABLE IF NOT EXISTS countries(
      id SERIAL NOT NULL,
      iso char(2) NOT NULL,
      name varchar(80) NOT NULL,
      nicename varchar(80) NOT NULL,
      iso3 char(3) DEFAULT NULL,
      numcode smallint DEFAULT NULL,
      phonecode int NOT NULL,
      PRIMARY KEY (id)
);

INSERT INTO countries(id, iso, name, nicename, iso3, numcode, phonecode) VALUES
(1, 'AF', 'AFGHANISTAN', 'Afghanistan', 'AFG', 4, 93),
(2, 'AL', 'ALBANIA', 'Albania', 'ALB', 8, 355),
(3, 'DZ', 'ALGERIA', 'Algeria', 'DZA', 12, 213),
(4, 'AS', 'AMERICAN SAMOA', 'American Samoa', 'ASM', 16, 1684),
(5, 'AD', 'ANDORRA', 'Andorra', 'AND', 20, 376),
(6, 'AO', 'ANGOLA', 'Angola', 'AGO', 24, 244),
(7, 'AI', 'ANGUILLA', 'Anguilla', 'AIA', 660, 1264),
(8, 'AQ', 'ANTARCTICA', 'Antarctica', 0, 0, 0),
(9, 'AG', 'ANTIGUA AND BARBUDA', 'Antigua and Barbuda', 'ATG', 28, 1268),
(10, 'AR', 'ARGENTINA', 'Argentina', 'ARG', 32, 54),
(11, 'AM', 'ARMENIA', 'Armenia', 'ARM', 51, 374),
(12, 'AW', 'ARUBA', 'Aruba', 'ABW', 533, 297),
(13, 'AU', 'AUSTRALIA', 'Australia', 'AUS', 36, 61),
(14, 'AT', 'AUSTRIA', 'Austria', 'AUT', 40, 43),
(15, 'AZ', 'AZERBAIJAN', 'Azerbaijan', 'AZE', 31, 994),
(16, 'BS', 'BAHAMAS', 'Bahamas', 'BHS', 44, 1242),
(17, 'BH', 'BAHRAIN', 'Bahrain', 'BHR', 48, 973),
(18, 'BD', 'BANGLADESH', 'Bangladesh', 'BGD', 50, 880),
(19, 'BB', 'BARBADOS', 'Barbados', 'BRB', 52, 1246),
(20, 'BY', 'BELARUS', 'Belarus', 'BLR', 112, 375),
(21, 'BE', 'BELGIUM', 'Belgium', 'BEL', 56, 32),
(22, 'BZ', 'BELIZE', 'Belize', 'BLZ', 84, 501),
(23, 'BJ', 'BENIN', 'Benin', 'BEN', 204, 229),
(24, 'BM', 'BERMUDA', 'Bermuda', 'BMU', 60, 1441),
(25, 'BT', 'BHUTAN', 'Bhutan', 'BTN', 64, 975),
(26, 'BO', 'BOLIVIA', 'Bolivia', 'BOL', 68, 591),
(27, 'BA', 'BOSNIA AND HERZEGOVINA', 'Bosnia and Herzegovina', 'BIH', 70, 387),
(28, 'BW', 'BOTSWANA', 'Botswana', 'BWA', 72, 267),
(29, 'BV', 'BOUVET ISLAND', 'Bouvet Island', 0, 0, 0),
(30, 'BR', 'BRAZIL', 'Brazil', 'BRA', 76, 55),
(31, 'IO', 'BRITISH INDIAN OCEAN TERRITORY', 'British Indian Ocean Territory', 0, 0, 246),
(32, 'BN', 'BRUNEI DARUSSALAM', 'Brunei Darussalam', 'BRN', 96, 673),
(33, 'BG', 'BULGARIA', 'Bulgaria', 'BGR', 100, 359),
(34, 'BF', 'BURKINA FASO', 'Burkina Faso', 'BFA', 854, 226),
(35, 'BI', 'BURUNDI', 'Burundi', 'BDI', 108, 257),
(36, 'KH', 'CAMBODIA', 'Cambodia', 'KHM', 116, 855),
(37, 'CM', 'CAMEROON', 'Cameroon', 'CMR', 120, 237),
(38, 'CA', 'CANADA', 'Canada', 'CAN', 124, 1),
(39, 'CV', 'CAPE VERDE', 'Cape Verde', 'CPV', 132, 238),
(40, 'KY', 'CAYMAN ISLANDS', 'Cayman Islands', 'CYM', 136, 1345),
(41, 'CF', 'CENTRAL AFRICAN REPUBLIC', 'Central African Republic', 'CAF', 140, 236),
(42, 'TD', 'CHAD', 'Chad', 'TCD', 148, 235),
(43, 'CL', 'CHILE', 'Chile', 'CHL', 152, 56),
(44, 'CN', 'CHINA', 'China', 'CHN', 156, 86),
(45, 'CX', 'CHRISTMAS ISLAND', 'Christmas Island', 0, 0, 61),
(46, 'CC', 'COCOS (KEELING) ISLANDS', 'Cocos (Keeling) Islands', 0, 0, 672),
(47, 'CO', 'COLOMBIA', 'Colombia', 'COL', 170, 57),
(48, 'KM', 'COMOROS', 'Comoros', 'COM', 174, 269),
(49, 'CG', 'CONGO', 'Congo', 'COG', 178, 242),
(50, 'CD', 'CONGO, THE DEMOCRATIC REPUBLIC OF THE', 'Congo, the Democratic Republic of the', 'COD', 180, 242),
(51, 'CK', 'COOK ISLANDS', 'Cook Islands', 'COK', 184, 682),
(52, 'CR', 'COSTA RICA', 'Costa Rica', 'CRI', 188, 506),
(53, 'CI', 'COTE D''IVOIRE', 'Cote D''Ivoire', 'CIV', 384, 225),
(54, 'HR', 'CROATIA', 'Croatia', 'HRV', 191, 385),
(55, 'CU', 'CUBA', 'Cuba', 'CUB', 192, 53),
(56, 'CY', 'CYPRUS', 'Cyprus', 'CYP', 196, 357),
(57, 'CZ', 'CZECH REPUBLIC', 'Czech Republic', 'CZE', 203, 420),
(58, 'DK', 'DENMARK', 'Denmark', 'DNK', 208, 45),
(59, 'DJ', 'DJIBOUTI', 'Djibouti', 'DJI', 262, 253),
(60, 'DM', 'DOMINICA', 'Dominica', 'DMA', 212, 1767),
(61, 'DO', 'DOMINICAN REPUBLIC', 'Dominican Republic', 'DOM', 214, 1809),
(62, 'EC', 'ECUADOR', 'Ecuador', 'ECU', 218, 593),
(63, 'EG', 'EGYPT', 'Egypt', 'EGY', 818, 20),
(64, 'SV', 'EL SALVADOR', 'El Salvador', 'SLV', 222, 503),
(65, 'GQ', 'EQUATORIAL GUINEA', 'Equatorial Guinea', 'GNQ', 226, 240),
(66, 'ER', 'ERITREA', 'Eritrea', 'ERI', 232, 291),
(67, 'EE', 'ESTONIA', 'Estonia', 'EST', 233, 372),
(68, 'ET', 'ETHIOPIA', 'Ethiopia', 'ETH', 231, 251),
(69, 'FK', 'FALKLAND ISLANDS (MALVINAS)', 'Falkland Islands (Malvinas)', 'FLK', 238, 500),
(70, 'FO', 'FAROE ISLANDS', 'Faroe Islands', 'FRO', 234, 298),
(71, 'FJ', 'FIJI', 'Fiji', 'FJI', 242, 679),
(72, 'FI', 'FINLAND', 'Finland', 'FIN', 246, 358),
(73, 'FR', 'FRANCE', 'France', 'FRA', 250, 33),
(74, 'GF', 'FRENCH GUIANA', 'French Guiana', 'GUF', 254, 594),
(75, 'PF', 'FRENCH POLYNESIA', 'French Polynesia', 'PYF', 258, 689),
(76, 'TF', 'FRENCH SOUTHERN TERRITORIES', 'French Southern Territories', 0, 0, 0),
(77, 'GA', 'GABON', 'Gabon', 'GAB', 266, 241),
(78, 'GM', 'GAMBIA', 'Gambia', 'GMB', 270, 220),
(79, 'GE', 'GEORGIA', 'Georgia', 'GEO', 268, 995),
(80, 'DE', 'GERMANY', 'Germany', 'DEU', 276, 49),
(81, 'GH', 'GHANA', 'Ghana', 'GHA', 288, 233),
(82, 'GI', 'GIBRALTAR', 'Gibraltar', 'GIB', 292, 350),
(83, 'GR', 'GREECE', 'Greece', 'GRC', 300, 30),
(84, 'GL', 'GREENLAND', 'Greenland', 'GRL', 304, 299),
(85, 'GD', 'GRENADA', 'Grenada', 'GRD', 308, 1473),
(86, 'GP', 'GUADELOUPE', 'Guadeloupe', 'GLP', 312, 590),
(87, 'GU', 'GUAM', 'Guam', 'GUM', 316, 1671),
(88, 'GT', 'GUATEMALA', 'Guatemala', 'GTM', 320, 502),
(89, 'GN', 'GUINEA', 'Guinea', 'GIN', 324, 224),
(90, 'GW', 'GUINEA-BISSAU', 'Guinea-Bissau', 'GNB', 624, 245),
(91, 'GY', 'GUYANA', 'Guyana', 'GUY', 328, 592),
(92, 'HT', 'HAITI', 'Haiti', 'HTI', 332, 509),
(93, 'HM', 'HEARD ISLAND AND MCDONALD ISLANDS', 'Heard Island and Mcdonald Islands', 0, 0, 0),
(94, 'VA', 'HOLY SEE (VATICAN CITY STATE)', 'Holy See (Vatican City State)', 'VAT', 336, 39),
(95, 'HN', 'HONDURAS', 'Honduras', 'HND', 340, 504),
(96, 'HK', 'HONG KONG', 'Hong Kong', 'HKG', 344, 852),
(97, 'HU', 'HUNGARY', 'Hungary', 'HUN', 348, 36),
(98, 'IS', 'ICELAND', 'Iceland', 'ISL', 352, 354),
(99, 'IN', 'INDIA', 'India', 'IND', 356, 91),
(100, 'ID', 'INDONESIA', 'Indonesia', 'IDN', 360, 62),
(101, 'IR', 'IRAN, ISLAMIC REPUBLIC OF', 'Iran, Islamic Republic of', 'IRN', 364, 98),
(102, 'IQ', 'IRAQ', 'Iraq', 'IRQ', 368, 964),
(103, 'IE', 'IRELAND', 'Ireland', 'IRL', 372, 353),
(104, 'IL', 'ISRAEL', 'Israel', 'ISR', 376, 972),
(105, 'IT', 'ITALY', 'Italy', 'ITA', 380, 39),
(106, 'JM', 'JAMAICA', 'Jamaica', 'JAM', 388, 1876),
(107, 'JP', 'JAPAN', 'Japan', 'JPN', 392, 81),
(108, 'JO', 'JORDAN', 'Jordan', 'JOR', 400, 962),
(109, 'KZ', 'KAZAKHSTAN', 'Kazakhstan', 'KAZ', 398, 7),
(110, 'KE', 'KENYA', 'Kenya', 'KEN', 404, 254),
(111, 'KI', 'KIRIBATI', 'Kiribati', 'KIR', 296, 686),
(112, 'KP', 'KOREA, DEMOCRATIC PEOPLE''S REPUBLIC OF', 'Korea, Democratic People''s Republic of', 'PRK', 408, 850),
(113, 'KR', 'KOREA, REPUBLIC OF', 'Korea, Republic of', 'KOR', 410, 82),
(114, 'KW', 'KUWAIT', 'Kuwait', 'KWT', 414, 965),
(115, 'KG', 'KYRGYZSTAN', 'Kyrgyzstan', 'KGZ', 417, 996),
(116, 'LA', 'LAO PEOPLE''S DEMOCRATIC REPUBLIC', 'Lao People''s Democratic Republic', 'LAO', 418, 856),
(117, 'LV', 'LATVIA', 'Latvia', 'LVA', 428, 371),
(118, 'LB', 'LEBANON', 'Lebanon', 'LBN', 422, 961),
(119, 'LS', 'LESOTHO', 'Lesotho', 'LSO', 426, 266),
(120, 'LR', 'LIBERIA', 'Liberia', 'LBR', 430, 231),
(121, 'LY', 'LIBYAN ARAB JAMAHIRIYA', 'Libyan Arab Jamahiriya', 'LBY', 434, 218),
(122, 'LI', 'LIECHTENSTEIN', 'Liechtenstein', 'LIE', 438, 423),
(123, 'LT', 'LITHUANIA', 'Lithuania', 'LTU', 440, 370),
(124, 'LU', 'LUXEMBOURG', 'Luxembourg', 'LUX', 442, 352),
(125, 'MO', 'MACAO', 'Macao', 'MAC', 446, 853),
(126, 'MK', 'MACEDONIA, THE FORMER YUGOSLAV REPUBLIC OF', 'Macedonia, the Former Yugoslav Republic of', 'MKD', 807, 389),
(127, 'MG', 'MADAGASCAR', 'Madagascar', 'MDG', 450, 261),
(128, 'MW', 'MALAWI', 'Malawi', 'MWI', 454, 265),
(129, 'MY', 'MALAYSIA', 'Malaysia', 'MYS', 458, 60),
(130, 'MV', 'MALDIVES', 'Maldives', 'MDV', 462, 960),
(131, 'ML', 'MALI', 'Mali', 'MLI', 466, 223),
(132, 'MT', 'MALTA', 'Malta', 'MLT', 470, 356),
(133, 'MH', 'MARSHALL ISLANDS', 'Marshall Islands', 'MHL', 584, 692),
(134, 'MQ', 'MARTINIQUE', 'Martinique', 'MTQ', 474, 596),
(135, 'MR', 'MAURITANIA', 'Mauritania', 'MRT', 478, 222),
(136, 'MU', 'MAURITIUS', 'Mauritius', 'MUS', 480, 230),
(137, 'YT', 'MAYOTTE', 'Mayotte', 0, 0, 269),
(138, 'MX', 'MEXICO', 'Mexico', 'MEX', 484, 52),
(139, 'FM', 'MICRONESIA, FEDERATED STATES OF', 'Micronesia, Federated States of', 'FSM', 583, 691),
(140, 'MD', 'MOLDOVA, REPUBLIC OF', 'Moldova, Republic of', 'MDA', 498, 373),
(141, 'MC', 'MONACO', 'Monaco', 'MCO', 492, 377),
(142, 'MN', 'MONGOLIA', 'Mongolia', 'MNG', 496, 976),
(143, 'MS', 'MONTSERRAT', 'Montserrat', 'MSR', 500, 1664),
(144, 'MA', 'MOROCCO', 'Morocco', 'MAR', 504, 212),
(145, 'MZ', 'MOZAMBIQUE', 'Mozambique', 'MOZ', 508, 258),
(146, 'MM', 'MYANMAR', 'Myanmar', 'MMR', 104, 95),
(147, 'NA', 'NAMIBIA', 'Namibia', 'NAM', 516, 264),
(148, 'NR', 'NAURU', 'Nauru', 'NRU', 520, 674),
(149, 'NP', 'NEPAL', 'Nepal', 'NPL', 524, 977),
(150, 'NL', 'NETHERLANDS', 'Netherlands', 'NLD', 528, 31),
(151, 'AN', 'NETHERLANDS ANTILLES', 'Netherlands Antilles', 'ANT', 530, 599),
(152, 'NC', 'NEW CALEDONIA', 'New Caledonia', 'NCL', 540, 687),
(153, 'NZ', 'NEW ZEALAND', 'New Zealand', 'NZL', 554, 64),
(154, 'NI', 'NICARAGUA', 'Nicaragua', 'NIC', 558, 505),
(155, 'NE', 'NIGER', 'Niger', 'NER', 562, 227),
(156, 'NG', 'NIGERIA', 'Nigeria', 'NGA', 566, 234),
(157, 'NU', 'NIUE', 'Niue', 'NIU', 570, 683),
(158, 'NF', 'NORFOLK ISLAND', 'Norfolk Island', 'NFK', 574, 672),
(159, 'MP', 'NORTHERN MARIANA ISLANDS', 'Northern Mariana Islands', 'MNP', 580, 1670),
(160, 'NO', 'NORWAY', 'Norway', 'NOR', 578, 47),
(161, 'OM', 'OMAN', 'Oman', 'OMN', 512, 968),
(162, 'PK', 'PAKISTAN', 'Pakistan', 'PAK', 586, 92),
(163, 'PW', 'PALAU', 'Palau', 'PLW', 585, 680),
(164, 'PS', 'PALESTINIAN TERRITORY, OCCUPIED', 'Palestinian Territory, Occupied', 0, 0, 970),
(165, 'PA', 'PANAMA', 'Panama', 'PAN', 591, 507),
(166, 'PG', 'PAPUA NEW GUINEA', 'Papua New Guinea', 'PNG', 598, 675),
(167, 'PY', 'PARAGUAY', 'Paraguay', 'PRY', 600, 595),
(168, 'PE', 'PERU', 'Peru', 'PER', 604, 51),
(169, 'PH', 'PHILIPPINES', 'Philippines', 'PHL', 608, 63),
(170, 'PN', 'PITCAIRN', 'Pitcairn', 'PCN', 612, 0),
(171, 'PL', 'POLAND', 'Poland', 'POL', 616, 48),
(172, 'PT', 'PORTUGAL', 'Portugal', 'PRT', 620, 351),
(173, 'PR', 'PUERTO RICO', 'Puerto Rico', 'PRI', 630, 1787),
(174, 'QA', 'QATAR', 'Qatar', 'QAT', 634, 974),
(175, 'RE', 'REUNION', 'Reunion', 'REU', 638, 262),
(176, 'RO', 'ROMANIA', 'Romania', 'ROM', 642, 40),
(177, 'RU', 'RUSSIAN FEDERATION', 'Russian Federation', 'RUS', 643, 70),
(178, 'RW', 'RWANDA', 'Rwanda', 'RWA', 646, 250),
(179, 'SH', 'SAINT HELENA', 'Saint Helena', 'SHN', 654, 290),
(180, 'KN', 'SAINT KITTS AND NEVIS', 'Saint Kitts and Nevis', 'KNA', 659, 1869),
(181, 'LC', 'SAINT LUCIA', 'Saint Lucia', 'LCA', 662, 1758),
(182, 'PM', 'SAINT PIERRE AND MIQUELON', 'Saint Pierre and Miquelon', 'SPM', 666, 508),
(183, 'VC', 'SAINT VINCENT AND THE GRENADINES', 'Saint Vincent and the Grenadines', 'VCT', 670, 1784),
(184, 'WS', 'SAMOA', 'Samoa', 'WSM', 882, 684),
(185, 'SM', 'SAN MARINO', 'San Marino', 'SMR', 674, 378),
(186, 'ST', 'SAO TOME AND PRINCIPE', 'Sao Tome and Principe', 'STP', 678, 239),
(187, 'SA', 'SAUDI ARABIA', 'Saudi Arabia', 'SAU', 682, 966),
(188, 'SN', 'SENEGAL', 'Senegal', 'SEN', 686, 221),
(189, 'CS', 'SERBIA AND MONTENEGRO', 'Serbia and Montenegro', 0, 0, 381),
(190, 'SC', 'SEYCHELLES', 'Seychelles', 'SYC', 690, 248),
(191, 'SL', 'SIERRA LEONE', 'Sierra Leone', 'SLE', 694, 232),
(192, 'SG', 'SINGAPORE', 'Singapore', 'SGP', 702, 65),
(193, 'SK', 'SLOVAKIA', 'Slovakia', 'SVK', 703, 421),
(194, 'SI', 'SLOVENIA', 'Slovenia', 'SVN', 705, 386),
(195, 'SB', 'SOLOMON ISLANDS', 'Solomon Islands', 'SLB', 90, 677),
(196, 'SO', 'SOMALIA', 'Somalia', 'SOM', 706, 252),
(197, 'ZA', 'SOUTH AFRICA', 'South Africa', 'ZAF', 710, 27),
(198, 'GS', 'SOUTH GEORGIA AND THE SOUTH SANDWICH ISLANDS', 'South Georgia and the South Sandwich Islands', 0, 0, 0),
(199, 'ES', 'SPAIN', 'Spain', 'ESP', 724, 34),
(200, 'LK', 'SRI LANKA', 'Sri Lanka', 'LKA', 144, 94),
(201, 'SD', 'SUDAN', 'Sudan', 'SDN', 736, 249),
(202, 'SR', 'SURINAME', 'Suriname', 'SUR', 740, 597),
(203, 'SJ', 'SVALBARD AND JAN MAYEN', 'Svalbard and Jan Mayen', 'SJM', 744, 47),
(204, 'SZ', 'SWAZILAND', 'Swaziland', 'SWZ', 748, 268),
(205, 'SE', 'SWEDEN', 'Sweden', 'SWE', 752, 46),
(206, 'CH', 'SWITZERLAND', 'Switzerland', 'CHE', 756, 41),
(207, 'SY', 'SYRIAN ARAB REPUBLIC', 'Syrian Arab Republic', 'SYR', 760, 963),
(208, 'TW', 'TAIWAN, PROVINCE OF CHINA', 'Taiwan, Province of China', 'TWN', 158, 886),
(209, 'TJ', 'TAJIKISTAN', 'Tajikistan', 'TJK', 762, 992),
(210, 'TZ', 'TANZANIA, UNITED REPUBLIC OF', 'Tanzania, United Republic of', 'TZA', 834, 255),
(211, 'TH', 'THAILAND', 'Thailand', 'THA', 764, 66),
(212, 'TL', 'TIMOR-LESTE', 'Timor-Leste', 0, 0, 670),
(213, 'TG', 'TOGO', 'Togo', 'TGO', 768, 228),
(214, 'TK', 'TOKELAU', 'Tokelau', 'TKL', 772, 690),
(215, 'TO', 'TONGA', 'Tonga', 'TON', 776, 676),
(216, 'TT', 'TRINIDAD AND TOBAGO', 'Trinidad and Tobago', 'TTO', 780, 1868),
(217, 'TN', 'TUNISIA', 'Tunisia', 'TUN', 788, 216),
(218, 'TR', 'TURKEY', 'Turkey', 'TUR', 792, 90),
(219, 'TM', 'TURKMENISTAN', 'Turkmenistan', 'TKM', 795, 7370),
(220, 'TC', 'TURKS AND CAICOS ISLANDS', 'Turks and Caicos Islands', 'TCA', 796, 1649),
(221, 'TV', 'TUVALU', 'Tuvalu', 'TUV', 798, 688),
(222, 'UG', 'UGANDA', 'Uganda', 'UGA', 800, 256),
(223, 'UA', 'UKRAINE', 'Ukraine', 'UKR', 804, 380),
(224, 'AE', 'UNITED ARAB EMIRATES', 'United Arab Emirates', 'ARE', 784, 971),
(225, 'GB', 'UNITED KINGDOM', 'United Kingdom', 'GBR', 826, 44),
(226, 'US', 'UNITED STATES', 'United States', 'USA', 840, 1),
(227, 'UM', 'UNITED STATES MINOR OUTLYING ISLANDS', 'United States Minor Outlying Islands', 0, 0, 1),
(228, 'UY', 'URUGUAY', 'Uruguay', 'URY', 858, 598),
(229, 'UZ', 'UZBEKISTAN', 'Uzbekistan', 'UZB', 860, 998),
(230, 'VU', 'VANUATU', 'Vanuatu', 'VUT', 548, 678),
(231, 'VE', 'VENEZUELA', 'Venezuela', 'VEN', 862, 58),
(232, 'VN', 'VIET NAM', 'Viet Nam', 'VNM', 704, 84),
(233, 'VG', 'VIRGIN ISLANDS, BRITISH', 'Virgin Islands, British', 'VGB', 92, 1284),
(234, 'VI', 'VIRGIN ISLANDS, U.S.', 'Virgin Islands, U.s.', 'VIR', 850, 1340),
(235, 'WF', 'WALLIS AND FUTUNA', 'Wallis and Futuna', 'WLF', 876, 681),
(236, 'EH', 'WESTERN SAHARA', 'Western Sahara', 'ESH', 732, 212),
(237, 'YE', 'YEMEN', 'Yemen', 'YEM', 887, 967),
(238, 'ZM', 'ZAMBIA', 'Zambia', 'ZMB', 894, 260),
(239, 'ZW', 'ZIMBABWE', 'Zimbabwe', 'ZWE', 716, 263);


-------populating the DATABASE-------
-------additions
insert into additions values
(1,'An Editor to Proofread my work',2.5),---additional price is per page
(2,'One of top 5 writers to writer my work',4);
----spacing
insert into spacing values
(1,'Double spaced page','double-spacing',1),
(2,'Single spaced page','single-spacing',2);
---order currence
insert into order_currence values
(1,'US Dollar', 'USD','$',1.0),
(2,'Euro','EUR','€',0.8),
(3,'British pound sterling','GBP','£',0.64),
(4,'Australian dollar','AUD','A$',1.36);

---level of writing 
insert into order_level_of_writing (id,order_level,additional_price,description) values 
(1,'Undergraduate',0.0,'Undergraduate writer'),
(2,'Master',1.5,'For master level writers'),
(3,'PhD',3.3,'For PhD level writing');

----cpp mode
insert into order_cpp_mode(id,order_cpp_mode_name,cpp_mode_description)
values
(1,0,'order is paid per page'),
(2,1,'order is given as assignments. So it is paid per assignment'),
(3,2,'order is paid per question for Multiple Choice questions (time-bound/non-time bound)');
----deadlines
insert into order_deadlines(id,deadline_value,deadline_unit,seconds_elapsing_to_deadline) values
(1,10,'days',864000),(2,20,'days',1728000),(3,7,'days',604800),(4,1,'day',86400),(5,12,'hours',43200),(6,6,'hours',21600),(7,3,'hours',10800),(8,2,'months',5184000);

---deadline categories
insert into order_deadline_category (id,order_deadline_category_name,order_deadline_category_description) values
(1,'normal','deadline range for most common document types'),
(2,'dissertation','deadline range for long documents ranging from 12 hrs to 2 month'),
(3,'programming','deadline ramges for programming assignments');


----order_deadlines_order_deadline_c
insert into deadline_deadline_category_association (id,order_deadlines_id,order_deadline_category_id,additional_price) values
(1,1,1,0.0),(2,3,1,3.40),(3,4,1,4.00),(4,5,1,6.50),(5,6,1,10.50),(6,7,1,20.00),(7,1,2,15.00),(8,3,2,7.00),(9,4,2,21.00),(10,5,2,25.00),(11,8,2,0.0),(12,1,3,5.50),(13,2,3,0.00),(14,4,3,15.00);

----order_subject_category table 
INSERT INTO order_subject_category(id, subject_category_name, additional_price, description) VALUES 
(1, 'technical',10.9,'nn'),
(2, 'academic',0.00,'nn');

----order_document_type
insert into order_document_type(id,document_type_name,base_price,additions_factor,order_deadline_category_id,order_cpp_mode_id)values
(1,'Term Paper',19.50,1.0,1,1),
(2,'Research Paper',19.50,1.0,1,1),
(3,'Dissertation',19.50,1.0,2,1),
(4,'Dissertation Chapter - Literature Review',19.50,1.0,2,1),
(5,'Dissertation Chapter - Literature Review',19.50,1.0,2,1),
(6,'Math/Physics/Economics/Statistics Problems',19.50,1.0,1,3),
(7,'Multiple Choice Questions (Non-time-framed)',1.20,0.025,1,3),
(8,'Programming',98.50,1.1,3,2),
(9,'Formatting',2.99,0.05,1,1),
(10,'Research summary',20.50,1,1,1.0);

----order Subject
insert into order_subject(id,subject_name,order_subject_category_id) values
(1,'Architecture',2),
(2,'Chemistry',2),
(3,'Technology',1),
(4,'IT Management',1),
(5,'Engineering',1),
(6,'Programming',1);
----
insert into order_subject_order_document_typ (order_subject_id,order_document_type_id) values
(1,1),(1,2),(1,3),(1,4),(1,5),(1,6),(1,7),(1,9),(1,10),(2,1),(2,2),(2,3),(2,4),(2,5),(2,6),(2,7),(2,9),(2,10),(3,1),(3,2),(3,3),
(3,4),(3,5),(3,6),(3,7),(3,9),(3,10),(4,1),(4,2),(4,3),(4,4),(4,5),(4,6),(4,7),(4,9),(4,10),(5,1),(5,2),(5,3),(5,4),(5,5),(5,6),
(5,7),(5,9),(5,10),(6,8);

insert into fine_type(id,fine_name,fine_percentage,fine_description) values
(1,'Plagiarism',100,''), 
(2,'Low quality product',50,''),
(3,'Late order reassignment',20,''),
(4,'Late order submission',10,''),
(5,'Late revision submission',10,''),
(6,'Dissapperance from project',5,'The order is manually reassigned and then a fine 5% of order total applied');


----Additinal qurries 
insert into order_product_files (id,owner,file_size,file_name,file_sent_to,storage_path,content_type,upload_date,download_date,product_file_type,has_been_downloaded,plagiarism,orders_order_id) values
(1,1,76456123,'play for java book.pdf',0,'/home/derdus/orderfiles/multipartBody230397776683012302asTemporaryFile','application/pdf','2014-12-28 21:27:32.483','2014-12-28 22:31:41.247',1,true,0,1);



ALTER TABLE orders add column approved boolean DEFAULT false;
ALTER TABLE orders add column invoice_id varchar(32);

--change return URL to domain
--change order_number from "1" to real